Label,Left,Top,Right,Bottom,Filename
trafficlight,406,285,414,304,0273.jpg
trafficlight,550,295,557,307,0273.jpg
trafficlight,598,297,604,309,0273.jpg
car,565,343,595,359,0273.jpg
car,466,400,818,610,0273.jpg
car,197,346,231,360,0273.jpg
car,1193,500,1277,719,0273.jpg
car,355,365,409,395,0273.jpg
trafficlight,356,292,367,313,0267.jpg
trafficlight,419,289,428,306,0267.jpg
trafficlight,550,298,557,309,0267.jpg
trafficlight,553,300,559,311,0267.jpg
trafficlight,415,290,423,307,0267.jpg
car,566,344,594,359,0267.jpg
car,1035,438,1279,705,0267.jpg
car,474,396,809,612,0267.jpg
trafficlight,544,229,552,246,0298.jpg
trafficlight,663,254,673,270,0298.jpg
trafficlight,343,211,356,234,0298.jpg
trafficlight,604,230,611,248,0298.jpg
car,549,290,582,307,0298.jpg
car,46,331,207,393,0298.jpg
car,468,396,804,617,0298.jpg
car,504,287,529,302,0298.jpg
trafficlight,611,245,630,265,0461.jpg
trafficlight,789,272,802,295,0461.jpg
trafficlight,703,246,716,267,0461.jpg
car,495,385,810,612,0461.jpg
car,508,336,553,360,0461.jpg
trafficlight,598,223,607,242,0307.jpg
trafficlight,536,222,544,238,0307.jpg
trafficlight,532,220,542,239,0307.jpg
car,496,285,522,303,0307.jpg
car,475,397,797,620,0307.jpg
car,598,285,637,303,0307.jpg
car,538,282,577,307,0307.jpg
trafficlight,594,221,604,242,0313.jpg
trafficlight,527,217,536,238,0313.jpg
trafficlight,672,248,681,263,0313.jpg
car,31,292,91,321,0313.jpg
car,476,399,798,623,0313.jpg
car,415,289,445,306,0313.jpg
car,532,288,561,309,0313.jpg
car,488,288,513,305,0313.jpg
car,585,286,632,305,0313.jpg
trafficlight,747,214,761,245,0475.jpg
trafficlight,630,211,654,244,0475.jpg
trafficlight,865,254,881,284,0475.jpg
car,450,390,793,614,0475.jpg
car,502,333,556,366,0475.jpg
trafficlight,613,259,624,280,0449.jpg
trafficlight,540,255,559,277,0449.jpg
car,453,331,501,352,0449.jpg
car,497,382,824,608,0449.jpg
car,12,320,291,444,0449.jpg
trafficlight,721,252,732,271,0139.jpg
car,384,327,450,365,0139.jpg
car,452,392,790,627,0139.jpg
car,795,315,910,386,0139.jpg
car,398,327,464,363,0138.jpg
car,795,320,915,381,0138.jpg
car,449,390,785,632,0138.jpg
trafficlight,608,261,617,280,0448.jpg
trafficlight,534,257,552,277,0448.jpg
trafficlight,675,286,686,304,0448.jpg
car,442,330,494,352,0448.jpg
car,497,383,822,608,0448.jpg
car,23,324,305,435,0448.jpg
trafficlight,596,220,605,242,0312.jpg
trafficlight,528,217,538,237,0312.jpg
trafficlight,671,244,681,263,0312.jpg
car,490,287,513,304,0312.jpg
car,479,398,796,628,0312.jpg
car,535,287,557,307,0312.jpg
car,43,292,105,319,0312.jpg
car,589,286,636,304,0312.jpg
trafficlight,746,218,758,248,0474.jpg
trafficlight,630,218,655,247,0474.jpg
trafficlight,862,255,875,281,0474.jpg
car,508,332,560,367,0474.jpg
car,461,393,790,616,0474.jpg
trafficlight,607,245,624,268,0460.jpg
trafficlight,695,247,707,267,0460.jpg
trafficlight,780,275,792,295,0460.jpg
trafficlight,562,196,576,227,0460.jpg
car,489,384,819,614,0460.jpg
car,503,336,551,359,0460.jpg
trafficlight,536,222,545,238,0306.jpg
trafficlight,599,224,608,242,0306.jpg
car,600,286,638,303,0306.jpg
car,496,286,522,304,0306.jpg
car,474,395,792,616,0306.jpg
car,540,284,575,306,0306.jpg
trafficlight,542,227,551,244,0299.jpg
trafficlight,599,231,608,246,0299.jpg
car,502,289,527,304,0299.jpg
car,4,322,185,403,0299.jpg
car,545,289,585,308,0299.jpg
car,464,399,809,611,0299.jpg
trafficlight,420,289,428,305,0266.jpg
car,1019,434,1279,701,0266.jpg
car,567,343,597,360,0266.jpg
car,478,396,810,607,0266.jpg
trafficlight,738,100,767,164,0500.jpg
trafficlight,973,173,999,236,0500.jpg
trafficlight,505,98,551,158,0500.jpg
car,435,389,791,616,0500.jpg
car,327,329,430,381,0500.jpg
trafficlight,407,287,416,304,0272.jpg
trafficlight,549,295,557,307,0272.jpg
car,564,343,594,360,0272.jpg
car,356,367,410,393,0272.jpg
car,510,339,530,352,0272.jpg
car,469,400,816,613,0272.jpg
car,1182,502,1276,719,0272.jpg
trafficlight,422,291,431,308,0264.jpg
car,976,309,1274,709,0264.jpg
car,568,343,595,361,0264.jpg
car,514,340,535,354,0264.jpg
car,466,402,813,611,0264.jpg
car,390,362,439,386,0264.jpg
car,734,339,795,372,0264.jpg
car,428,342,456,357,0264.jpg
trafficlight,410,287,419,307,0270.jpg
trafficlight,549,297,556,309,0270.jpg
car,563,340,598,359,0270.jpg
car,1117,442,1278,719,0270.jpg
car,367,365,420,394,0270.jpg
car,475,396,807,610,0270.jpg
car,510,340,530,353,0270.jpg
car,427,343,452,357,0270.jpg
trafficlight,554,302,560,313,0258.jpg
trafficlight,432,295,439,308,0258.jpg
car,572,344,615,360,0258.jpg
car,471,393,810,613,0258.jpg
car,807,330,1279,675,0258.jpg
trafficlight,624,210,648,244,0476.jpg
trafficlight,746,212,760,243,0476.jpg
trafficlight,868,251,885,281,0476.jpg
car,441,389,797,615,0476.jpg
car,497,333,550,366,0476.jpg
trafficlight,596,221,605,240,0310.jpg
trafficlight,531,216,540,238,0310.jpg
trafficlight,670,243,680,259,0310.jpg
trafficlight,189,198,203,222,0310.jpg
car,594,286,636,302,0310.jpg
car,536,286,563,304,0310.jpg
car,478,393,791,621,0310.jpg
car,497,285,521,302,0310.jpg
trafficlight,537,223,546,241,0304.jpg
trafficlight,599,226,608,244,0304.jpg
trafficlight,662,246,671,262,0304.jpg
car,472,394,793,615,0304.jpg
car,500,286,523,302,0304.jpg
car,604,287,632,303,0304.jpg
car,540,284,576,306,0304.jpg
car,1,318,54,412,0304.jpg
trafficlight,708,244,719,266,0462.jpg
trafficlight,617,243,636,263,0462.jpg
trafficlight,800,272,810,294,0462.jpg
car,496,385,807,614,0462.jpg
car,512,336,555,359,0462.jpg
trafficlight,533,201,547,230,0338.jpg
trafficlight,631,205,645,233,0338.jpg
car,424,307,455,326,0338.jpg
car,587,303,643,325,0338.jpg
car,502,391,813,628,0338.jpg
car,554,305,594,332,0338.jpg
car,505,307,532,328,0338.jpg
trafficlight,569,160,605,207,0489.jpg
trafficlight,905,210,930,265,0489.jpg
trafficlight,735,170,756,207,0489.jpg
car,408,334,485,375,0489.jpg
person,1190,304,1227,386,0489.jpg
person,1235,297,1264,384,0489.jpg
car,437,383,785,612,0489.jpg
trafficlight,735,172,755,216,0488.jpg
trafficlight,574,167,608,211,0488.jpg
trafficlight,900,212,927,264,0488.jpg
car,559,321,580,334,0488.jpg
person,1217,297,1246,384,0488.jpg
person,1175,300,1210,381,0488.jpg
car,433,386,787,608,0488.jpg
car,412,335,487,374,0488.jpg
trafficlight,640,204,653,234,0339.jpg
trafficlight,539,203,553,233,0339.jpg
trafficlight,743,242,760,260,0339.jpg
car,512,307,542,331,0339.jpg
car,502,391,820,625,0339.jpg
car,429,311,459,329,0339.jpg
car,555,308,597,337,0339.jpg
trafficlight,536,223,546,239,0305.jpg
trafficlight,599,225,608,243,0305.jpg
car,496,285,522,303,0305.jpg
car,601,287,637,304,0305.jpg
car,476,394,791,614,0305.jpg
car,540,284,575,308,0305.jpg
trafficlight,712,242,723,265,0463.jpg
trafficlight,619,241,638,261,0463.jpg
trafficlight,818,175,849,247,0463.jpg
car,486,388,812,609,0463.jpg
car,512,337,557,360,0463.jpg
trafficlight,619,206,644,240,0477.jpg
trafficlight,744,212,759,243,0477.jpg
car,437,395,793,611,0477.jpg
car,488,335,545,367,0477.jpg
trafficlight,596,220,605,240,0311.jpg
trafficlight,529,213,540,234,0311.jpg
trafficlight,669,242,680,263,0311.jpg
car,474,395,795,624,0311.jpg
car,491,286,514,302,0311.jpg
car,593,285,636,303,0311.jpg
car,535,285,564,304,0311.jpg
trafficlight,554,302,560,313,0259.jpg
car,471,394,807,610,0259.jpg
car,932,325,1279,683,0259.jpg
car,570,343,598,358,0259.jpg
trafficlight,408,287,418,305,0271.jpg
trafficlight,548,297,556,310,0271.jpg
car,362,366,418,393,0271.jpg
car,471,398,810,607,0271.jpg
car,563,342,596,359,0271.jpg
car,510,339,530,353,0271.jpg
car,418,342,449,355,0271.jpg
car,1153,484,1277,719,0271.jpg
trafficlight,550,300,557,311,0265.jpg
trafficlight,419,290,429,306,0265.jpg
car,568,344,594,360,0265.jpg
car,473,397,812,612,0265.jpg
car,386,362,435,386,0265.jpg
car,987,387,1278,719,0265.jpg
trafficlight,544,312,550,323,0249.jpg
car,463,402,829,611,0249.jpg
car,895,355,1278,587,0249.jpg
car,561,345,599,364,0249.jpg
trafficlight,554,301,559,313,0261.jpg
trafficlight,550,300,557,312,0261.jpg
car,570,342,600,359,0261.jpg
car,942,338,1279,681,0261.jpg
car,428,340,460,356,0261.jpg
car,515,339,534,354,0261.jpg
car,466,396,813,617,0261.jpg
trafficlight,596,295,604,309,0275.jpg
trafficlight,551,293,557,306,0275.jpg
trafficlight,339,288,352,304,0275.jpg
trafficlight,404,281,414,300,0275.jpg
car,510,338,530,350,0275.jpg
car,347,364,400,395,0275.jpg
car,427,342,452,356,0275.jpg
car,473,399,813,614,0275.jpg
car,564,339,597,357,0275.jpg
trafficlight,504,198,516,222,0329.jpg
trafficlight,588,199,600,229,0329.jpg
trafficlight,678,234,689,258,0329.jpg
car,467,289,495,309,0329.jpg
car,396,290,423,307,0329.jpg
car,480,395,805,619,0329.jpg
car,326,294,370,312,0329.jpg
car,532,290,560,310,0329.jpg
car,518,291,544,311,0329.jpg
car,560,286,610,305,0329.jpg
trafficlight,594,217,604,240,0315.jpg
trafficlight,522,211,532,234,0315.jpg
trafficlight,670,244,682,264,0315.jpg
car,470,403,800,625,0315.jpg
car,528,290,563,312,0315.jpg
car,483,289,512,307,0315.jpg
car,577,286,627,307,0315.jpg
trafficlight,745,219,758,249,0473.jpg
trafficlight,631,219,654,247,0473.jpg
trafficlight,862,255,875,279,0473.jpg
car,509,332,560,367,0473.jpg
car,462,395,796,620,0473.jpg
trafficlight,730,234,741,260,0467.jpg
trafficlight,628,227,647,261,0467.jpg
trafficlight,831,261,843,281,0467.jpg
car,485,388,812,607,0467.jpg
car,1029,342,1104,369,0467.jpg
car,518,334,568,364,0467.jpg
trafficlight,542,227,552,243,0301.jpg
trafficlight,598,229,608,245,0301.jpg
trafficlight,332,204,345,230,0301.jpg
car,463,398,806,617,0301.jpg
car,0,320,158,405,0301.jpg
car,607,285,645,304,0301.jpg
car,500,288,526,303,0301.jpg
car,545,290,579,307,0301.jpg
trafficlight,737,115,764,176,0498.jpg
trafficlight,955,185,979,243,0498.jpg
trafficlight,522,114,564,172,0498.jpg
car,344,329,447,377,0498.jpg
car,434,389,791,616,0498.jpg
trafficlight,737,107,766,170,0499.jpg
trafficlight,512,105,556,164,0499.jpg
trafficlight,962,179,987,242,0499.jpg
car,433,389,790,622,0499.jpg
car,329,330,437,382,0499.jpg
trafficlight,726,236,738,261,0466.jpg
trafficlight,628,231,646,261,0466.jpg
car,485,388,812,613,0466.jpg
car,518,332,568,361,0466.jpg
trafficlight,543,227,551,244,0300.jpg
trafficlight,664,254,672,270,0300.jpg
trafficlight,599,231,608,246,0300.jpg
car,545,290,579,308,0300.jpg
car,502,288,526,303,0300.jpg
car,464,404,808,618,0300.jpg
car,608,284,646,303,0300.jpg
car,0,324,173,400,0300.jpg
trafficlight,593,222,603,242,0314.jpg
trafficlight,524,217,534,236,0314.jpg
trafficlight,670,245,683,265,0314.jpg
trafficlight,249,182,264,209,0314.jpg
car,478,401,800,631,0314.jpg
car,528,289,563,311,0314.jpg
car,482,289,510,308,0314.jpg
car,578,286,628,307,0314.jpg
trafficlight,633,221,655,248,0472.jpg
trafficlight,743,224,756,252,0472.jpg
trafficlight,855,258,867,281,0472.jpg
car,512,333,562,365,0472.jpg
car,470,393,804,617,0472.jpg
trafficlight,503,199,516,222,0328.jpg
trafficlight,588,200,599,226,0328.jpg
trafficlight,676,234,687,256,0328.jpg
car,397,289,422,306,0328.jpg
car,466,288,494,309,0328.jpg
car,484,394,806,626,0328.jpg
car,326,294,373,312,0328.jpg
car,556,286,612,306,0328.jpg
car,515,288,546,311,0328.jpg
trafficlight,598,294,605,310,0274.jpg
trafficlight,404,286,413,304,0274.jpg
trafficlight,339,287,352,303,0274.jpg
trafficlight,551,293,557,306,0274.jpg
car,428,341,453,355,0274.jpg
car,349,363,400,395,0274.jpg
car,565,340,594,358,0274.jpg
car,474,397,813,615,0274.jpg
trafficlight,554,302,560,313,0260.jpg
trafficlight,428,294,437,308,0260.jpg
car,570,342,600,358,0260.jpg
car,467,394,812,617,0260.jpg
car,514,340,535,355,0260.jpg
bus,926,36,1268,671,0260.jpg
trafficlight,542,310,548,322,0248.jpg
car,467,396,830,610,0248.jpg
car,863,365,1279,574,0248.jpg
trafficlight,551,290,557,306,0276.jpg
trafficlight,337,287,349,303,0276.jpg
trafficlight,401,281,410,300,0276.jpg
trafficlight,598,296,604,309,0276.jpg
car,472,402,817,608,0276.jpg
car,566,341,599,358,0276.jpg
car,188,344,236,360,0276.jpg
car,556,340,579,356,0276.jpg
trafficlight,553,301,559,313,0262.jpg
trafficlight,550,300,557,313,0262.jpg
car,569,340,603,359,0262.jpg
car,402,358,445,383,0262.jpg
car,815,339,1279,672,0262.jpg
car,430,340,459,356,0262.jpg
car,472,397,810,616,0262.jpg
trafficlight,549,244,557,259,0289.jpg
car,476,393,794,608,0289.jpg
car,153,306,189,324,0289.jpg
car,215,333,315,380,0289.jpg
car,554,303,581,318,0289.jpg
trafficlight,679,250,691,273,0458.jpg
trafficlight,598,245,618,267,0458.jpg
trafficlight,551,195,568,231,0458.jpg
trafficlight,764,274,774,295,0458.jpg
car,494,336,544,359,0458.jpg
car,496,385,820,611,0458.jpg
trafficlight,600,227,608,245,0302.jpg
trafficlight,542,226,551,243,0302.jpg
trafficlight,662,246,673,263,0302.jpg
car,501,287,525,303,0302.jpg
car,469,397,796,620,0302.jpg
car,604,283,647,305,0302.jpg
car,386,289,430,307,0302.jpg
car,0,321,123,407,0302.jpg
car,542,285,577,307,0302.jpg
trafficlight,623,238,641,261,0464.jpg
trafficlight,718,240,733,261,0464.jpg
trafficlight,813,270,824,292,0464.jpg
car,486,387,812,612,0464.jpg
car,517,331,567,361,0464.jpg
trafficlight,739,230,752,260,0470.jpg
trafficlight,632,226,655,252,0470.jpg
trafficlight,846,262,860,296,0470.jpg
car,514,332,568,363,0470.jpg
car,471,393,814,610,0470.jpg
trafficlight,520,212,531,233,0316.jpg
trafficlight,670,244,682,265,0316.jpg
trafficlight,593,216,603,239,0316.jpg
car,577,286,626,307,0316.jpg
car,470,401,796,620,0316.jpg
car,526,287,562,311,0316.jpg
truck,840,260,964,333,0316.jpg
car,484,288,513,308,0316.jpg
car,425,385,775,641,0128.jpg
car,506,306,557,340,0128.jpg
car,848,312,947,367,0128.jpg
car,499,307,549,341,0129.jpg
car,848,310,945,371,0129.jpg
car,430,386,773,641,0129.jpg
trafficlight,633,223,655,250,0471.jpg
trafficlight,742,225,756,252,0471.jpg
car,474,391,802,613,0471.jpg
car,514,333,567,363,0471.jpg
trafficlight,518,211,530,233,0317.jpg
trafficlight,671,243,683,264,0317.jpg
trafficlight,592,216,601,239,0317.jpg
car,480,401,798,626,0317.jpg
car,414,289,437,305,0317.jpg
car,526,289,561,312,0317.jpg
car,481,288,511,308,0317.jpg
car,575,287,620,306,0317.jpg
trafficlight,537,224,546,242,0303.jpg
trafficlight,599,226,608,245,0303.jpg
car,500,289,524,304,0303.jpg
car,469,398,798,619,0303.jpg
car,606,286,634,303,0303.jpg
car,1,320,98,410,0303.jpg
car,541,286,576,306,0303.jpg
trafficlight,722,238,734,259,0465.jpg
trafficlight,626,236,643,261,0465.jpg
trafficlight,817,268,828,293,0465.jpg
car,484,385,813,617,0465.jpg
car,512,337,560,361,0465.jpg
trafficlight,600,244,620,268,0459.jpg
trafficlight,687,250,700,273,0459.jpg
trafficlight,771,275,784,297,0459.jpg
car,493,387,818,611,0459.jpg
car,500,334,550,358,0459.jpg
trafficlight,549,250,557,262,0288.jpg
trafficlight,376,237,385,256,0288.jpg
car,554,305,581,320,0288.jpg
car,473,393,802,613,0288.jpg
car,156,308,192,326,0288.jpg
car,232,334,324,378,0288.jpg
trafficlight,554,301,560,312,0263.jpg
trafficlight,550,300,557,312,0263.jpg
trafficlight,423,294,431,308,0263.jpg
car,514,340,534,355,0263.jpg
car,467,400,816,620,0263.jpg
car,429,341,458,355,0263.jpg
car,393,359,441,385,0263.jpg
car,569,343,594,360,0263.jpg
car,946,326,1276,690,0263.jpg
trafficlight,554,289,561,303,0277.jpg
trafficlight,398,280,407,297,0277.jpg
trafficlight,597,294,604,309,0277.jpg
car,188,344,231,359,0277.jpg
car,474,398,812,607,0277.jpg
car,332,366,386,397,0277.jpg
car,419,339,451,352,0277.jpg
car,555,340,581,356,0277.jpg
trafficlight,995,43,1030,133,0210.jpg
car,986,347,1279,488,0210.jpg
car,433,388,788,622,0210.jpg
trafficlight,1191,179,1223,254,0204.jpg
trafficlight,940,82,973,162,0204.jpg
car,469,388,803,625,0204.jpg
car,611,348,649,367,0204.jpg
car,986,333,1274,469,0204.jpg
trafficlight,528,317,535,328,0238.jpg
car,890,350,1279,557,0238.jpg
car,473,396,833,610,0238.jpg
trafficlight,571,145,591,191,0364.jpg
trafficlight,736,148,761,197,0364.jpg
trafficlight,921,209,939,255,0364.jpg
car,325,335,399,365,0364.jpg
car,459,401,813,620,0364.jpg
car,549,327,587,354,0364.jpg
car,610,327,660,362,0364.jpg
car,433,325,479,355,0364.jpg
trafficlight,574,283,582,295,0402.jpg
trafficlight,502,217,517,244,0402.jpg
car,377,329,449,373,0402.jpg
car,575,330,647,364,0402.jpg
car,111,329,240,383,0402.jpg
car,460,336,537,388,0402.jpg
person,935,328,965,400,0402.jpg
person,989,328,1013,400,0402.jpg
person,1009,332,1041,397,0402.jpg
car,453,376,800,651,0402.jpg
trafficlight,554,276,566,293,0416.jpg
trafficlight,609,279,617,294,0416.jpg
trafficlight,288,233,302,257,0416.jpg
car,284,328,376,385,0416.jpg
car,488,327,515,346,0416.jpg
car,1,328,114,385,0416.jpg
car,125,333,182,359,0416.jpg
person,1117,314,1150,429,0416.jpg
person,1144,320,1197,420,0416.jpg
car,456,389,799,620,0416.jpg
person,1060,318,1109,431,0416.jpg
car,509,324,613,371,0416.jpg
car,375,329,492,403,0416.jpg
trafficlight,735,119,763,179,0370.jpg
trafficlight,950,187,975,245,0370.jpg
trafficlight,541,114,566,170,0370.jpg
trafficlight,647,287,655,301,0370.jpg
car,592,327,645,364,0370.jpg
car,445,395,795,616,0370.jpg
car,397,330,455,359,0370.jpg
car,528,327,577,361,0370.jpg
trafficlight,578,167,595,211,0358.jpg
trafficlight,720,174,737,217,0358.jpg
trafficlight,878,224,895,267,0358.jpg
car,751,318,809,347,0358.jpg
car,480,398,811,620,0358.jpg
car,646,325,676,349,0358.jpg
car,446,328,491,354,0358.jpg
car,352,330,412,359,0358.jpg
car,553,327,585,353,0358.jpg
car,609,329,654,358,0358.jpg
trafficlight,722,232,735,263,0166.jpg
car,956,346,1207,460,0166.jpg
car,812,335,950,434,0166.jpg
car,0,333,113,444,0166.jpg
car,474,388,838,608,0166.jpg
trafficlight,870,263,885,295,0172.jpg
trafficlight,750,219,767,251,0172.jpg
car,828,327,997,438,0172.jpg
car,479,385,838,603,0172.jpg
car,1053,349,1275,483,0172.jpg
trafficlight,1108,197,1135,261,0199.jpg
trafficlight,896,119,919,183,0199.jpg
car,491,390,829,617,0199.jpg
car,968,330,1279,463,0199.jpg
trafficlight,885,127,910,183,0198.jpg
trafficlight,1090,202,1117,262,0198.jpg
car,485,391,836,616,0198.jpg
car,963,332,1264,461,0198.jpg
trafficlight,755,217,769,250,0173.jpg
trafficlight,876,266,891,292,0173.jpg
car,1067,348,1275,492,0173.jpg
car,473,386,839,603,0173.jpg
car,829,333,1003,436,0173.jpg
trafficlight,725,232,740,262,0167.jpg
trafficlight,837,272,851,302,0167.jpg
car,475,387,841,608,0167.jpg
car,0,336,84,442,0167.jpg
car,804,334,957,434,0167.jpg
car,960,344,1228,463,0167.jpg
trafficlight,578,166,596,210,0359.jpg
trafficlight,723,173,741,217,0359.jpg
trafficlight,880,223,899,269,0359.jpg
car,608,330,656,359,0359.jpg
car,351,330,414,361,0359.jpg
car,479,395,812,618,0359.jpg
car,646,326,675,349,0359.jpg
car,444,328,492,353,0359.jpg
car,749,317,812,350,0359.jpg
car,551,327,588,353,0359.jpg
trafficlight,554,277,564,291,0417.jpg
trafficlight,284,231,299,257,0417.jpg
trafficlight,608,279,617,293,0417.jpg
car,366,330,487,406,0417.jpg
car,266,327,366,385,0417.jpg
car,0,324,106,391,0417.jpg
car,452,390,801,619,0417.jpg
car,488,327,514,344,0417.jpg
car,112,329,179,353,0417.jpg
person,1079,314,1128,437,0417.jpg
person,1169,319,1225,427,0417.jpg
person,1140,308,1167,437,0417.jpg
car,508,321,609,370,0417.jpg
trafficlight,736,115,762,175,0371.jpg
trafficlight,539,109,564,167,0371.jpg
trafficlight,952,184,977,244,0371.jpg
trafficlight,643,287,653,300,0371.jpg
car,273,334,355,370,0371.jpg
car,587,328,641,365,0371.jpg
car,395,330,450,358,0371.jpg
car,526,326,576,362,0371.jpg
car,443,392,792,619,0371.jpg
trafficlight,736,143,763,194,0365.jpg
trafficlight,922,203,945,258,0365.jpg
trafficlight,568,142,589,187,0365.jpg
car,323,333,401,367,0365.jpg
car,460,397,806,619,0365.jpg
car,427,326,476,355,0365.jpg
car,608,328,659,363,0365.jpg
car,546,327,583,354,0365.jpg
trafficlight,573,282,584,294,0403.jpg
trafficlight,502,218,516,245,0403.jpg
car,457,332,536,391,0403.jpg
car,372,328,450,373,0403.jpg
car,101,330,226,382,0403.jpg
car,572,328,659,365,0403.jpg
car,304,338,353,352,0403.jpg
car,530,316,593,346,0403.jpg
person,941,325,970,401,0403.jpg
person,1015,331,1049,398,0403.jpg
person,992,325,1019,399,0403.jpg
car,453,399,796,628,0403.jpg
trafficlight,528,317,534,327,0239.jpg
car,480,396,831,604,0239.jpg
car,854,355,1279,554,0239.jpg
trafficlight,1210,176,1240,253,0205.jpg
trafficlight,953,78,982,157,0205.jpg
car,988,339,1274,468,0205.jpg
car,459,388,805,619,0205.jpg
trafficlight,1014,24,1050,116,0211.jpg
car,433,387,787,618,0211.jpg
car,988,343,1277,491,0211.jpg
trafficlight,971,62,1004,147,0207.jpg
trafficlight,1246,170,1275,251,0207.jpg
car,445,386,795,617,0207.jpg
car,684,348,719,367,0207.jpg
car,989,347,1269,478,0207.jpg
car,592,353,645,370,0207.jpg
trafficlight,1034,5,1073,103,0213.jpg
car,972,350,1279,499,0213.jpg
car,572,355,617,375,0213.jpg
car,659,355,693,374,0213.jpg
car,424,382,780,619,0213.jpg
trafficlight,733,102,758,166,0373.jpg
trafficlight,520,96,546,155,0373.jpg
trafficlight,963,165,986,244,0373.jpg
trafficlight,634,287,642,301,0373.jpg
car,253,336,338,371,0373.jpg
car,439,389,793,617,0373.jpg
car,538,330,564,360,0373.jpg
car,713,319,771,354,0373.jpg
car,576,329,629,366,0373.jpg
person,890,332,906,367,0373.jpg
car,369,333,433,360,0373.jpg
car,512,327,560,363,0373.jpg
trafficlight,556,275,569,293,0415.jpg
trafficlight,609,279,617,294,0415.jpg
trafficlight,295,236,306,258,0415.jpg
car,385,330,497,400,0415.jpg
car,294,329,394,383,0415.jpg
car,11,322,130,389,0415.jpg
car,280,339,305,366,0415.jpg
car,488,329,515,346,0415.jpg
car,128,333,186,356,0415.jpg
car,454,390,799,624,0415.jpg
person,1130,323,1170,417,0415.jpg
person,1098,321,1130,421,0415.jpg
person,1045,316,1089,430,0415.jpg
car,512,327,615,371,0415.jpg
trafficlight,503,219,517,247,0401.jpg
trafficlight,275,251,289,276,0401.jpg
car,379,328,454,373,0401.jpg
car,128,333,251,379,0401.jpg
car,455,394,802,623,0401.jpg
car,0,338,58,392,0401.jpg
person,932,325,960,400,0401.jpg
person,986,328,1010,399,0401.jpg
person,1007,330,1036,395,0401.jpg
car,465,334,539,389,0401.jpg
trafficlight,736,135,762,186,0367.jpg
trafficlight,559,131,581,180,0367.jpg
trafficlight,935,201,956,251,0367.jpg
trafficlight,655,287,665,300,0367.jpg
car,445,400,804,614,0367.jpg
car,604,327,652,363,0367.jpg
car,417,326,470,356,0367.jpg
car,539,328,582,360,0367.jpg
car,304,336,382,365,0367.jpg
trafficlight,540,271,551,287,0429.jpg
trafficlight,595,273,604,289,0429.jpg
trafficlight,186,208,203,238,0429.jpg
car,405,331,528,380,0429.jpg
car,31,330,85,359,0429.jpg
car,65,321,372,454,0429.jpg
car,1,330,25,351,0429.jpg
car,456,396,811,618,0429.jpg
trafficlight,622,287,631,301,0398.jpg
trafficlight,577,283,585,295,0398.jpg
trafficlight,358,252,369,271,0398.jpg
car,586,332,680,365,0398.jpg
car,145,332,272,378,0398.jpg
car,445,392,805,617,0398.jpg
person,918,328,944,397,0398.jpg
person,992,333,1016,391,0398.jpg
person,972,331,998,393,0398.jpg
car,475,336,546,387,0398.jpg
car,392,329,462,372,0398.jpg
trafficlight,747,220,760,254,0171.jpg
trafficlight,863,269,879,299,0171.jpg
car,819,335,992,436,0171.jpg
car,478,385,840,602,0171.jpg
car,1036,352,1274,478,0171.jpg
trafficlight,715,233,730,263,0165.jpg
trafficlight,823,274,838,302,0165.jpg
car,945,341,1162,452,0165.jpg
car,791,333,948,429,0165.jpg
car,0,336,130,443,0165.jpg
car,473,387,839,608,0165.jpg
trafficlight,692,237,704,264,0159.jpg
car,453,392,818,616,0159.jpg
car,765,329,904,417,0159.jpg
car,27,334,231,415,0159.jpg
car,truck:55%,0159.jpg,,,
900,340,1042,425,,0159.jpg
trafficlight,690,239,704,264,0158.jpg
car,452,391,814,614,0158.jpg
car,898,337,1033,419,0158.jpg
car,65,335,241,409,0158.jpg
car,766,329,901,414,0158.jpg
trafficlight,710,237,723,263,0164.jpg
car,470,389,836,612,0164.jpg
car,931,345,1139,445,0164.jpg
car,0,337,156,438,0164.jpg
car,785,330,941,427,0164.jpg
trafficlight,742,224,757,256,0170.jpg
trafficlight,858,269,871,298,0170.jpg
car,818,333,986,435,0170.jpg
car,475,383,837,603,0170.jpg
car,1001,354,1279,469,0170.jpg
trafficlight,503,218,518,246,0399.jpg
trafficlight,357,253,368,270,0399.jpg
car,145,332,251,379,0399.jpg
car,388,330,464,372,0399.jpg
car,583,332,677,365,0399.jpg
person,974,324,999,391,0399.jpg
person,922,317,947,397,0399.jpg
person,1241,328,1274,412,0399.jpg
car,470,335,546,387,0399.jpg
person,999,332,1024,390,0399.jpg
car,451,398,807,616,0399.jpg
trafficlight,541,272,552,287,0428.jpg
trafficlight,596,274,604,289,0428.jpg
trafficlight,195,210,213,244,0428.jpg
car,41,331,100,358,0428.jpg
car,3,330,42,352,0428.jpg
car,456,397,812,618,0428.jpg
car,81,328,293,409,0428.jpg
car,109,323,379,444,0428.jpg
car,418,330,540,378,0428.jpg
trafficlight,575,282,584,295,0400.jpg
trafficlight,503,219,518,246,0400.jpg
trafficlight,355,251,365,269,0400.jpg
trafficlight,277,253,290,277,0400.jpg
car,385,331,466,373,0400.jpg
person,924,329,951,398,0400.jpg
person,1003,330,1028,393,0400.jpg
person,978,327,1003,398,0400.jpg
car,457,395,801,618,0400.jpg
car,truck:57%,0400.jpg,,,
129,332,258,378,car:98%,0400.jpg
467,335,546,387,,0400.jpg
trafficlight,739,144,761,188,0366.jpg
trafficlight,564,135,588,184,0366.jpg
trafficlight,930,201,951,256,0366.jpg
trafficlight,659,285,668,296,0366.jpg
car,449,396,809,621,0366.jpg
car,604,328,657,361,0366.jpg
car,545,325,593,356,0366.jpg
car,321,333,396,365,0366.jpg
car,423,331,474,358,0366.jpg
trafficlight,736,107,760,170,0372.jpg
trafficlight,527,100,554,162,0372.jpg
trafficlight,959,179,982,245,0372.jpg
trafficlight,639,287,648,300,0372.jpg
car,564,331,591,358,0372.jpg
car,586,327,634,368,0372.jpg
car,443,386,788,614,0372.jpg
car,378,332,444,359,0372.jpg
car,519,329,566,360,0372.jpg
car,273,333,343,370,0372.jpg
trafficlight,557,277,569,293,0414.jpg
trafficlight,609,279,617,294,0414.jpg
trafficlight,299,237,313,260,0414.jpg
car,518,326,619,370,0414.jpg
car,301,328,388,384,0414.jpg
car,7,321,140,387,0414.jpg
car,455,390,800,624,0414.jpg
car,138,328,191,353,0414.jpg
car,490,328,514,344,0414.jpg
person,1083,318,1114,416,0414.jpg
person,1029,319,1076,421,0414.jpg
person,1115,320,1149,411,0414.jpg
car,390,338,502,396,0414.jpg
trafficlight,1022,16,1061,113,0212.jpg
car,661,355,700,373,0212.jpg
car,435,386,784,623,0212.jpg
car,986,348,1271,494,0212.jpg
trafficlight,962,72,994,148,0206.jpg
trafficlight,1228,172,1260,250,0206.jpg
car,832,343,865,372,0206.jpg
car,453,389,803,616,0206.jpg
car,990,345,1272,474,0206.jpg
trafficlight,918,103,944,173,0202.jpg
trafficlight,1146,192,1174,265,0202.jpg
car,973,331,1279,463,0202.jpg
car,473,393,831,621,0202.jpg
trafficlight,1069,0,1110,73,0216.jpg
car,431,389,788,622,0216.jpg
car,949,354,1279,504,0216.jpg
car,601,349,624,365,0216.jpg
car,556,359,592,376,0216.jpg
car,639,356,670,375,0216.jpg
trafficlight,590,270,599,286,0438.jpg
trafficlight,526,262,540,282,0438.jpg
trafficlight,466,203,482,234,0438.jpg
car,3,322,86,408,0438.jpg
car,467,393,797,611,0438.jpg
car,442,331,487,348,0438.jpg
car,277,328,450,395,0438.jpg
trafficlight,563,280,572,292,0410.jpg
trafficlight,613,282,621,295,0410.jpg
trafficlight,320,241,335,264,0410.jpg
car,539,330,633,366,0410.jpg
person,988,318,1021,410,0410.jpg
person,1057,327,1087,405,0410.jpg
person,1035,324,1067,407,0410.jpg
car,456,395,799,624,0410.jpg
car,truck:52%,0410.jpg,,,
32,327,184,385,car:96%,0410.jpg
333,330,418,377,car:95%,0410.jpg
423,331,513,393,,0410.jpg
trafficlight,727,79,756,150,0376.jpg
trafficlight,491,68,522,141,0376.jpg
trafficlight,979,163,1004,235,0376.jpg
trafficlight,621,287,629,300,0376.jpg
trafficlight,448,263,456,279,0376.jpg
car,344,332,410,360,0376.jpg
car,560,328,612,371,0376.jpg
car,442,386,793,616,0376.jpg
car,493,328,542,364,0376.jpg
car,210,340,284,372,0376.jpg
trafficlight,732,155,759,206,0362.jpg
trafficlight,575,152,596,202,0362.jpg
trafficlight,910,211,926,258,0362.jpg
car,467,398,814,621,0362.jpg
car,752,319,809,349,0362.jpg
car,609,328,661,361,0362.jpg
car,439,327,483,353,0362.jpg
car,551,326,588,354,0362.jpg
car,340,332,406,365,0362.jpg
trafficlight,571,282,581,295,0404.jpg
car,365,330,451,375,0404.jpg
car,572,332,651,364,0404.jpg
person,995,323,1021,400,0404.jpg
person,1017,333,1055,398,0404.jpg
person,948,324,980,402,0404.jpg
car,453,393,801,621,0404.jpg
car,452,334,533,391,0404.jpg
truck,88,325,231,384,0404.jpg
trafficlight,1129,62,1176,177,0389.jpg
trafficlight,390,261,400,277,0389.jpg
trafficlight,724,2,772,37,0389.jpg
trafficlight,584,287,592,300,0389.jpg
car,427,328,490,368,0389.jpg
car,628,332,700,359,0389.jpg
car,437,395,803,608,0389.jpg
person,965,331,995,382,0389.jpg
person,886,325,905,385,0389.jpg
person,939,329,964,380,0389.jpg
car,506,331,567,376,0389.jpg
car,232,330,327,370,0389.jpg
car,42,338,183,388,0389.jpg
trafficlight,688,247,700,273,0148.jpg
car,460,391,806,613,0148.jpg
car,876,338,937,394,0148.jpg
car,253,332,359,381,0148.jpg
car,763,314,889,399,0148.jpg
car,458,340,499,355,0148.jpg
trafficlight,757,215,773,248,0174.jpg
trafficlight,878,257,896,289,0174.jpg
car,1087,340,1275,491,0174.jpg
car,472,389,839,604,0174.jpg
car,833,331,1012,436,0174.jpg
trafficlight,694,237,707,264,0160.jpg
car,456,392,828,612,0160.jpg
car,912,341,1061,429,0160.jpg
car,0,335,214,419,0160.jpg
car,765,329,911,419,0160.jpg
trafficlight,699,236,711,263,0161.jpg
car,459,393,831,615,0161.jpg
car,777,329,915,422,0161.jpg
car,0,338,197,429,0161.jpg
car,909,342,1081,433,0161.jpg
trafficlight,760,211,775,249,0175.jpg
trafficlight,886,255,902,290,0175.jpg
car,1096,357,1279,469,0175.jpg
car,470,386,843,603,0175.jpg
car,841,332,1015,433,0175.jpg
trafficlight,688,247,700,274,0149.jpg
car,467,385,798,609,0149.jpg
car,875,336,938,395,0149.jpg
car,251,330,350,383,0149.jpg
car,761,316,888,398,0149.jpg
trafficlight,725,4,767,47,0388.jpg
trafficlight,1106,71,1156,184,0388.jpg
trafficlight,632,288,641,302,0388.jpg
trafficlight,393,260,401,277,0388.jpg
trafficlight,328,257,338,278,0388.jpg
car,628,334,706,358,0388.jpg
car,60,339,194,385,0388.jpg
car,431,329,491,368,0388.jpg
person,938,327,961,379,0388.jpg
person,965,332,991,381,0388.jpg
person,883,326,906,384,0388.jpg
car,439,397,805,612,0388.jpg
car,235,330,331,369,0388.jpg
car,510,333,572,374,0388.jpg
trafficlight,909,205,933,262,0363.jpg
trafficlight,736,158,756,202,0363.jpg
trafficlight,575,151,595,201,0363.jpg
car,434,326,483,355,0363.jpg
car,750,319,810,351,0363.jpg
car,466,397,811,621,0363.jpg
car,608,328,658,361,0363.jpg
car,549,327,588,354,0363.jpg
car,332,334,402,363,0363.jpg
trafficlight,570,281,580,294,0405.jpg
car,362,329,439,375,0405.jpg
car,448,331,532,392,0405.jpg
car,560,332,644,364,0405.jpg
car,78,327,222,383,0405.jpg
person,953,324,984,404,0405.jpg
person,1004,326,1033,401,0405.jpg
person,1022,329,1057,398,0405.jpg
car,446,396,805,628,0405.jpg
trafficlight,562,280,572,293,0411.jpg
trafficlight,612,281,620,294,0411.jpg
car,416,333,516,393,0411.jpg
car,534,329,632,368,0411.jpg
person,1070,326,1096,408,0411.jpg
person,1043,322,1074,410,0411.jpg
person,995,317,1034,415,0411.jpg
car,465,390,796,623,0411.jpg
car,truck:51%,0411.jpg,,,
14,327,170,384,car:97%,0411.jpg
322,329,409,380,,0411.jpg
trafficlight,483,60,514,133,0377.jpg
trafficlight,983,158,1009,230,0377.jpg
trafficlight,725,71,753,146,0377.jpg
trafficlight,616,287,625,302,0377.jpg
car,559,328,610,371,0377.jpg
person,873,324,903,370,0377.jpg
car,486,328,535,363,0377.jpg
car,437,388,799,614,0377.jpg
car,194,337,298,375,0377.jpg
car,332,331,401,363,0377.jpg
trafficlight,525,262,537,282,0439.jpg
trafficlight,588,270,599,285,0439.jpg
trafficlight,465,202,482,232,0439.jpg
car,461,394,802,613,0439.jpg
car,3,318,69,417,0439.jpg
car,437,330,486,349,0439.jpg
car,255,331,440,395,0439.jpg
car,941,355,1279,511,0217.jpg
car,431,389,788,621,0217.jpg
car,628,360,662,375,0217.jpg
trafficlight,1175,183,1204,255,0203.jpg
trafficlight,931,91,962,165,0203.jpg
car,476,391,815,620,0203.jpg
car,986,331,1279,469,0203.jpg
trafficlight,780,273,790,291,0001.jpg
car,861,312,946,370,0001.jpg
car,490,384,786,639,0001.jpg
car,753,431,1279,719,0001.jpg
car,565,360,597,377,0229.jpg
car,451,396,815,611,0229.jpg
car,451,363,502,385,0229.jpg
car,882,359,1244,540,0229.jpg
trafficlight,1058,1,1101,85,0215.jpg
trafficlight,1200,1,1278,123,0215.jpg
car,426,388,792,622,0215.jpg
car,954,352,1278,503,0215.jpg
car,643,358,677,375,0215.jpg
trafficlight,1140,192,1167,255,0201.jpg
trafficlight,914,110,941,175,0201.jpg
car,971,328,1279,465,0201.jpg
car,475,392,834,621,0201.jpg
trafficlight,689,196,704,234,0349.jpg
trafficlight,571,194,586,231,0349.jpg
trafficlight,817,238,835,276,0349.jpg
car,596,327,632,351,0349.jpg
car,545,321,578,349,0349.jpg
car,456,323,495,344,0349.jpg
trafficlight,566,282,575,294,0407.jpg
trafficlight,615,282,623,294,0407.jpg
trafficlight,626,200,645,236,0407.jpg
car,554,330,647,365,0407.jpg
car,56,328,203,384,0407.jpg
car,530,312,590,344,0407.jpg
car,446,394,804,612,0407.jpg
person,964,320,998,406,0407.jpg
person,1014,324,1046,401,0407.jpg
person,1037,330,1065,398,0407.jpg
car,349,329,438,375,0407.jpg
car,440,332,527,393,0407.jpg
trafficlight,576,156,597,204,0361.jpg
trafficlight,730,157,758,211,0361.jpg
trafficlight,898,217,915,260,0361.jpg
car,750,318,811,350,0361.jpg
car,439,328,488,352,0361.jpg
car,346,332,405,364,0361.jpg
car,551,326,588,355,0361.jpg
car,473,393,814,621,0361.jpg
car,609,328,661,361,0361.jpg
trafficlight,729,86,757,154,0375.jpg
trafficlight,500,77,531,144,0375.jpg
trafficlight,971,166,998,236,0375.jpg
trafficlight,626,289,633,300,0375.jpg
trafficlight,668,289,674,302,0375.jpg
car,570,329,618,369,0375.jpg
car,534,332,560,359,0375.jpg
car,433,391,796,614,0375.jpg
car,349,334,414,361,0375.jpg
car,499,330,550,360,0375.jpg
car,227,335,321,372,0375.jpg
trafficlight,559,278,570,292,0413.jpg
trafficlight,306,236,318,261,0413.jpg
trafficlight,611,280,620,294,0413.jpg
car,401,331,504,399,0413.jpg
car,313,329,407,381,0413.jpg
car,145,332,197,358,0413.jpg
car,483,330,518,347,0413.jpg
person,1021,320,1057,418,0413.jpg
person,1092,328,1124,410,0413.jpg
person,1070,326,1098,414,0413.jpg
car,448,392,800,623,0413.jpg
truck,19,323,152,388,0413.jpg
car,530,328,623,369,0413.jpg
trafficlight,708,236,720,263,0163.jpg
car,466,391,838,613,0163.jpg
car,784,333,933,425,0163.jpg
car,3,336,164,435,0163.jpg
car,927,342,1125,440,0163.jpg
trafficlight,765,204,781,249,0177.jpg
trafficlight,893,254,911,287,0177.jpg
car,1145,360,1274,477,0177.jpg
car,472,390,842,604,0177.jpg
car,845,329,1023,433,0177.jpg
trafficlight,809,175,828,221,0188.jpg
trafficlight,971,234,988,278,0188.jpg
car,478,391,837,614,0188.jpg
car,890,325,1142,443,0188.jpg
trafficlight,817,169,836,219,0189.jpg
trafficlight,979,232,999,276,0189.jpg
car,891,330,1154,440,0189.jpg
car,480,392,836,610,0189.jpg
trafficlight,763,208,779,248,0176.jpg
trafficlight,886,256,905,289,0176.jpg
car,842,335,1019,435,0176.jpg
car,1117,361,1279,476,0176.jpg
car,473,387,841,607,0176.jpg
trafficlight,701,236,716,261,0162.jpg
car,0,335,186,435,0162.jpg
car,781,329,921,424,0162.jpg
car,466,391,827,615,0162.jpg
car,911,344,1098,435,0162.jpg
trafficlight,731,96,758,158,0374.jpg
trafficlight,511,86,538,151,0374.jpg
trafficlight,967,166,993,241,0374.jpg
trafficlight,627,288,637,302,0374.jpg
car,259,334,322,369,0374.jpg
car,573,329,624,371,0374.jpg
person,887,334,903,368,0374.jpg
car,550,332,574,358,0374.jpg
car,361,332,427,359,0374.jpg
car,440,387,792,618,0374.jpg
car,504,331,549,361,0374.jpg
trafficlight,309,237,322,261,0412.jpg
trafficlight,561,277,571,293,0412.jpg
trafficlight,612,282,620,295,0412.jpg
car,318,330,406,382,0412.jpg
car,529,330,629,368,0412.jpg
car,58,329,161,381,0412.jpg
car,455,393,795,625,0412.jpg
car,155,330,202,351,0412.jpg
car,0,341,78,385,0412.jpg
person,1081,322,1112,411,0412.jpg
person,1007,314,1040,418,0412.jpg
person,1056,322,1084,411,0412.jpg
car,408,335,510,394,0412.jpg
trafficlight,500,218,514,243,0406.jpg
trafficlight,337,245,347,263,0406.jpg
trafficlight,569,280,579,292,0406.jpg
car,556,332,646,365,0406.jpg
car,529,314,591,342,0406.jpg
person,958,322,989,405,0406.jpg
person,1007,322,1035,401,0406.jpg
person,1023,326,1048,399,0406.jpg
person,1028,333,1065,399,0406.jpg
car,443,332,528,393,0406.jpg
car,446,394,809,612,0406.jpg
truck,69,328,214,383,0406.jpg
car,357,328,439,377,0406.jpg
trafficlight,577,161,597,208,0360.jpg
trafficlight,896,217,910,262,0360.jpg
trafficlight,728,164,744,209,0360.jpg
car,749,318,812,351,0360.jpg
car,480,394,810,620,0360.jpg
car,444,326,489,353,0360.jpg
car,606,328,658,361,0360.jpg
car,552,327,587,353,0360.jpg
car,646,325,676,349,0360.jpg
trafficlight,685,200,701,235,0348.jpg
trafficlight,569,196,583,232,0348.jpg
trafficlight,811,244,828,277,0348.jpg
car,629,320,671,343,0348.jpg
car,590,323,632,350,0348.jpg
car,364,323,415,354,0348.jpg
car,482,393,810,630,0348.jpg
car,542,320,578,347,0348.jpg
car,452,324,485,344,0348.jpg
trafficlight,1122,196,1150,259,0200.jpg
trafficlight,904,114,931,178,0200.jpg
car,480,391,834,618,0200.jpg
car,965,330,1279,463,0200.jpg
trafficlight,1045,4,1085,93,0214.jpg
car,963,354,1274,502,0214.jpg
car,654,355,685,375,0214.jpg
car,434,386,785,620,0214.jpg
car,459,396,808,610,0228.jpg
car,455,362,508,384,0228.jpg
car,901,359,1206,535,0228.jpg
car,882,356,1248,543,0231.jpg
car,457,394,814,600,0231.jpg
car,890,367,1241,529,0225.jpg
car,441,396,803,617,0225.jpg
trafficlight,507,321,516,336,0219.jpg
car,439,396,789,632,0219.jpg
car,613,362,647,378,0219.jpg
car,929,355,1279,526,0219.jpg
trafficlight,676,205,689,237,0345.jpg
trafficlight,563,200,578,236,0345.jpg
trafficlight,795,241,811,270,0345.jpg
car,586,324,619,348,0345.jpg
car,486,388,818,624,0345.jpg
car,623,318,668,341,0345.jpg
car,538,321,567,345,0345.jpg
car,448,324,482,344,0345.jpg
trafficlight,545,274,558,290,0423.jpg
trafficlight,601,276,608,291,0423.jpg
car,191,328,313,398,0423.jpg
car,451,328,580,373,0423.jpg
car,83,332,141,356,0423.jpg
car,453,394,806,614,0423.jpg
car,272,327,442,423,0423.jpg
trafficlight,590,270,600,287,0437.jpg
trafficlight,527,263,541,282,0437.jpg
trafficlight,467,203,483,234,0437.jpg
car,0,343,128,542,0437.jpg
car,463,394,801,616,0437.jpg
car,3,321,119,391,0437.jpg
car,445,329,488,348,0437.jpg
car,293,329,463,393,0437.jpg
trafficlight,574,188,588,224,0351.jpg
trafficlight,696,198,712,234,0351.jpg
trafficlight,831,237,848,271,0351.jpg
car,599,325,637,353,0351.jpg
car,477,394,812,624,0351.jpg
car,634,320,672,345,0351.jpg
car,364,326,418,355,0351.jpg
car,456,324,495,348,0351.jpg
car,546,324,584,352,0351.jpg
trafficlight,466,43,498,120,0379.jpg
trafficlight,723,53,756,132,0379.jpg
trafficlight,998,151,1026,225,0379.jpg
trafficlight,611,284,619,297,0379.jpg
car,553,329,604,370,0379.jpg
person,874,322,904,371,0379.jpg
car,479,328,528,365,0379.jpg
car,443,389,790,618,0379.jpg
car,178,334,278,375,0379.jpg
car,321,331,390,362,0379.jpg
trafficlight,722,0,763,71,0386.jpg
trafficlight,1077,96,1115,193,0386.jpg
trafficlight,380,2,423,52,0386.jpg
trafficlight,591,287,600,301,0386.jpg
car,517,332,579,373,0386.jpg
person,967,328,983,376,0386.jpg
car,252,329,345,369,0386.jpg
car,440,392,801,619,0386.jpg
car,91,339,220,384,0386.jpg
car,445,329,500,367,0386.jpg
car,638,334,718,358,0386.jpg
trafficlight,1189,20,1246,154,0392.jpg
trafficlight,582,287,590,301,0392.jpg
trafficlight,626,288,634,300,0392.jpg
trafficlight,380,256,389,272,0392.jpg
car,611,335,694,362,0392.jpg
car,416,330,479,369,0392.jpg
person,950,326,974,383,0392.jpg
person,896,323,915,389,0392.jpg
person,974,331,1000,384,0392.jpg
car,451,391,795,619,0392.jpg
car,495,331,560,379,0392.jpg
car,205,333,307,372,0392.jpg
trafficlight,689,247,702,273,0147.jpg
car,463,392,803,614,0147.jpg
car,765,315,891,398,0147.jpg
car,275,331,369,378,0147.jpg
car,873,335,931,393,0147.jpg
trafficlight,688,244,700,266,0153.jpg
car,442,374,813,624,0153.jpg
car,888,336,976,405,0153.jpg
car,170,331,308,393,0153.jpg
car,truck:58%,0153.jpg,,,
762,323,901,407,,0153.jpg
trafficlight,786,191,807,230,0184.jpg
trafficlight,932,244,950,284,0184.jpg
car,871,331,1077,434,0184.jpg
car,488,392,836,616,0184.jpg
trafficlight,991,229,1010,275,0190.jpg
trafficlight,824,164,843,214,0190.jpg
car,908,325,1163,444,0190.jpg
car,477,392,834,616,0190.jpg
trafficlight,830,160,850,211,0191.jpg
trafficlight,1004,227,1021,275,0191.jpg
car,480,392,833,611,0191.jpg
car,912,324,1177,446,0191.jpg
trafficlight,943,244,961,283,0185.jpg
trafficlight,795,184,813,228,0185.jpg
car,488,391,832,617,0185.jpg
car,879,330,1098,443,0185.jpg
trafficlight,687,244,701,268,0152.jpg
car,451,388,807,619,0152.jpg
car,878,336,964,401,0152.jpg
car,466,339,496,358,0152.jpg
car,195,333,321,391,0152.jpg
car,truck:61%,0152.jpg,,,
765,323,894,405,,0152.jpg
trafficlight,692,250,703,274,0146.jpg
car,459,395,802,614,0146.jpg
car,769,317,898,395,0146.jpg
car,870,335,926,392,0146.jpg
car,297,329,384,376,0146.jpg
truck,781,324,912,399,0146.jpg
trafficlight,1215,11,1271,142,0393.jpg
trafficlight,625,288,632,300,0393.jpg
trafficlight,376,254,386,272,0393.jpg
trafficlight,580,285,589,296,0393.jpg
trafficlight,581,287,590,302,0393.jpg
car,414,330,475,368,0393.jpg
car,36,346,151,389,0393.jpg
car,609,335,690,363,0393.jpg
car,444,394,799,624,0393.jpg
person,976,331,1002,385,0393.jpg
person,953,324,975,388,0393.jpg
car,492,332,559,379,0393.jpg
car,197,333,302,375,0393.jpg
trafficlight,722,2,766,60,0387.jpg
trafficlight,634,287,642,301,0387.jpg
trafficlight,1084,74,1129,186,0387.jpg
trafficlight,590,285,599,296,0387.jpg
car,442,393,799,613,0387.jpg
person,936,326,955,376,0387.jpg
person,966,330,989,380,0387.jpg
person,883,322,905,384,0387.jpg
car,516,333,575,375,0387.jpg
car,248,331,341,368,0387.jpg
car,439,326,492,368,0387.jpg
car,639,331,714,360,0387.jpg
car,73,340,208,384,0387.jpg
trafficlight,480,54,510,131,0378.jpg
trafficlight,725,65,754,144,0378.jpg
trafficlight,986,157,1013,230,0378.jpg
trafficlight,616,287,624,302,0378.jpg
car,555,330,608,370,0378.jpg
car,436,386,795,611,0378.jpg
car,331,330,400,362,0378.jpg
car,485,330,533,363,0378.jpg
car,192,336,291,374,0378.jpg
car,528,334,562,359,0378.jpg
trafficlight,590,270,599,286,0436.jpg
trafficlight,528,264,543,282,0436.jpg
car,3,308,191,526,0436.jpg
car,467,391,799,622,0436.jpg
car,311,328,477,393,0436.jpg
trafficlight,690,196,708,235,0350.jpg
trafficlight,573,191,588,230,0350.jpg
trafficlight,824,240,842,268,0350.jpg
car,595,323,638,352,0350.jpg
car,479,395,820,629,0350.jpg
car,632,318,675,344,0350.jpg
car,545,321,580,350,0350.jpg
car,455,324,493,346,0350.jpg
trafficlight,561,203,574,236,0344.jpg
trafficlight,669,207,683,235,0344.jpg
trafficlight,786,241,801,280,0344.jpg
car,535,320,566,342,0344.jpg
car,446,322,479,343,0344.jpg
car,582,321,620,347,0344.jpg
car,496,388,809,629,0344.jpg
trafficlight,547,275,558,290,0422.jpg
trafficlight,599,276,608,291,0422.jpg
trafficlight,552,275,562,288,0422.jpg
car,202,330,323,394,0422.jpg
car,477,328,577,373,0422.jpg
car,91,331,147,357,0422.jpg
person,1223,306,1276,471,0422.jpg
car,458,392,802,614,0422.jpg
car,296,325,453,423,0422.jpg
car,714,362,746,380,0218.jpg
car,433,389,787,626,0218.jpg
car,627,359,658,375,0218.jpg
car,928,356,1279,514,0218.jpg
car,893,359,1279,543,0224.jpg
car,435,401,806,620,0224.jpg
car,576,361,609,377,0224.jpg
car,456,394,811,608,0230.jpg
car,891,359,1279,551,0230.jpg
car,887,359,1279,547,0226.jpg
car,444,401,809,610,0226.jpg
car,562,360,600,377,0232.jpg
car,463,401,822,616,0232.jpg
car,440,363,494,384,0232.jpg
car,883,355,1247,548,0232.jpg
trafficlight,577,186,591,225,0352.jpg
trafficlight,702,192,720,229,0352.jpg
trafficlight,840,237,855,265,0352.jpg
car,641,320,677,345,0352.jpg
car,483,393,814,621,0352.jpg
car,356,333,403,356,0352.jpg
car,458,327,492,350,0352.jpg
car,550,325,586,349,0352.jpg
car,604,317,643,352,0352.jpg
trafficlight,591,271,601,287,0434.jpg
trafficlight,531,267,542,288,0434.jpg
trafficlight,469,204,484,233,0434.jpg
car,337,330,494,391,0434.jpg
car,463,395,801,626,0434.jpg
car,8,315,266,535,0434.jpg
trafficlight,551,276,563,290,0420.jpg
trafficlight,603,277,614,292,0420.jpg
trafficlight,264,223,278,254,0420.jpg
trafficlight,599,276,609,290,0420.jpg
car,101,332,158,356,0420.jpg
car,0,337,56,391,0420.jpg
person,1265,348,1279,449,0420.jpg
person,1212,312,1256,447,0420.jpg
car,450,390,805,612,0420.jpg
person,1147,312,1204,451,0420.jpg
car,322,326,469,412,0420.jpg
car,233,331,341,393,0420.jpg
car,493,326,591,373,0420.jpg
trafficlight,677,205,691,237,0346.jpg
trafficlight,564,196,579,235,0346.jpg
trafficlight,798,243,813,267,0346.jpg
car,589,321,628,349,0346.jpg
car,487,387,814,624,0346.jpg
car,366,325,415,349,0346.jpg
car,544,321,575,344,0346.jpg
car,450,324,483,344,0346.jpg
car,623,319,672,343,0346.jpg
trafficlight,565,280,575,293,0408.jpg
trafficlight,322,240,336,264,0408.jpg
trafficlight,614,281,623,295,0408.jpg
car,549,330,644,366,0408.jpg
person,1045,331,1071,400,0408.jpg
person,1019,323,1050,402,0408.jpg
car,435,399,808,616,0408.jpg
person,971,321,1003,405,0408.jpg
car,433,331,523,392,0408.jpg
car,truck:64%,0408.jpg,,,
44,329,197,382,car:98%,0408.jpg
342,329,425,379,,0408.jpg
trafficlight,1167,34,1220,168,0391.jpg
trafficlight,627,289,634,300,0391.jpg
trafficlight,583,287,590,300,0391.jpg
car,419,331,481,370,0391.jpg
car,23,341,160,386,0391.jpg
car,444,395,799,619,0391.jpg
person,945,327,969,382,0391.jpg
person,889,322,913,387,0391.jpg
person,969,331,1000,382,0391.jpg
car,212,332,311,371,0391.jpg
car,499,332,560,376,0391.jpg
trafficlight,723,0,762,85,0385.jpg
trafficlight,1061,109,1098,197,0385.jpg
trafficlight,394,0,436,66,0385.jpg
car,643,336,724,357,0385.jpg
car,263,329,353,368,0385.jpg
car,522,330,581,371,0385.jpg
person,966,323,982,376,0385.jpg
person,876,323,904,379,0385.jpg
car,444,392,797,620,0385.jpg
car,448,328,499,365,0385.jpg
car,106,334,222,381,0385.jpg
trafficlight,686,245,700,269,0150.jpg
car,881,336,949,398,0150.jpg
car,456,384,803,612,0150.jpg
car,242,330,339,382,0150.jpg
truck,765,322,891,402,0150.jpg
trafficlight,695,250,708,274,0144.jpg
car,316,329,399,373,0144.jpg
car,771,316,892,396,0144.jpg
car,879,336,918,388,0144.jpg
car,457,398,800,616,0144.jpg
trafficlight,897,255,914,287,0178.jpg
trafficlight,768,204,784,241,0178.jpg
car,474,388,844,605,0178.jpg
car,846,329,1032,433,0178.jpg
trafficlight,844,153,863,205,0193.jpg
trafficlight,1026,221,1045,271,0193.jpg
car,478,394,827,618,0193.jpg
car,937,327,1198,448,0193.jpg
trafficlight,802,181,819,223,0187.jpg
trafficlight,958,239,976,274,0187.jpg
car,481,393,833,614,0187.jpg
car,892,327,1111,433,0187.jpg
trafficlight,956,237,973,276,0186.jpg
trafficlight,800,184,819,226,0186.jpg
car,476,395,836,610,0186.jpg
car,889,327,1110,435,0186.jpg
trafficlight,836,160,855,206,0192.jpg
trafficlight,1011,222,1035,274,0192.jpg
car,934,329,1191,447,0192.jpg
car,485,394,829,615,0192.jpg
trafficlight,770,204,788,241,0179.jpg
trafficlight,906,251,920,287,0179.jpg
car,846,333,1032,434,0179.jpg
car,476,388,837,606,0179.jpg
trafficlight,694,249,705,274,0145.jpg
car,456,397,804,618,0145.jpg
car,771,319,895,394,0145.jpg
car,878,336,921,391,0145.jpg
car,301,329,394,376,0145.jpg
trafficlight,686,244,700,269,0151.jpg
car,462,384,799,617,0151.jpg
car,210,332,333,389,0151.jpg
car,878,338,957,399,0151.jpg
car,463,341,496,357,0151.jpg
truck,765,322,889,404,0151.jpg
trafficlight,409,0,447,76,0384.jpg
trafficlight,722,0,757,91,0384.jpg
trafficlight,1050,113,1085,197,0384.jpg
trafficlight,594,285,603,296,0384.jpg
car,435,394,804,619,0384.jpg
person,874,322,903,377,0384.jpg
car,451,330,506,365,0384.jpg
car,527,329,581,372,0384.jpg
car,269,331,357,367,0384.jpg
car,649,334,724,357,0384.jpg
car,112,336,236,379,0384.jpg
trafficlight,1146,48,1198,180,0390.jpg
trafficlight,628,289,636,300,0390.jpg
trafficlight,386,258,394,275,0390.jpg
trafficlight,583,287,592,300,0390.jpg
car,425,329,489,368,0390.jpg
car,622,334,706,362,0390.jpg
car,39,342,175,387,0390.jpg
car,439,398,802,617,0390.jpg
person,967,330,1002,383,0390.jpg
person,943,325,968,381,0390.jpg
person,889,323,911,387,0390.jpg
car,502,331,566,375,0390.jpg
car,221,331,321,371,0390.jpg
trafficlight,564,281,573,293,0409.jpg
trafficlight,611,282,622,294,0409.jpg
car,339,329,424,377,0409.jpg
car,547,329,638,366,0409.jpg
car,37,327,190,385,0409.jpg
car,443,393,801,620,0409.jpg
person,1041,327,1067,404,0409.jpg
person,1051,327,1076,405,0409.jpg
person,1025,319,1054,408,0409.jpg
person,979,320,1013,409,0409.jpg
car,427,331,521,394,0409.jpg
trafficlight,548,275,559,289,0421.jpg
trafficlight,604,279,613,291,0421.jpg
trafficlight,599,278,608,290,0421.jpg
car,473,328,587,372,0421.jpg
person,1179,309,1239,459,0421.jpg
person,1242,312,1279,449,0421.jpg
car,454,391,803,612,0421.jpg
car,308,324,460,415,0421.jpg
car,220,329,332,394,0421.jpg
trafficlight,568,197,581,235,0347.jpg
trafficlight,680,203,695,234,0347.jpg
trafficlight,806,243,820,278,0347.jpg
car,450,326,486,345,0347.jpg
car,485,393,814,622,0347.jpg
car,621,321,675,345,0347.jpg
car,545,321,575,344,0347.jpg
car,587,322,631,351,0347.jpg
trafficlight,577,184,592,222,0353.jpg
trafficlight,846,236,860,266,0353.jpg
trafficlight,705,190,720,223,0353.jpg
car,361,330,418,358,0353.jpg
car,642,321,677,345,0353.jpg
car,471,397,823,622,0353.jpg
car,551,325,586,351,0353.jpg
car,606,325,643,355,0353.jpg
car,457,327,493,351,0353.jpg
trafficlight,591,270,600,286,0435.jpg
trafficlight,529,264,543,283,0435.jpg
trafficlight,468,203,483,234,0435.jpg
car,462,393,807,620,0435.jpg
car,319,332,480,391,0435.jpg
car,7,312,226,552,0435.jpg
car,440,363,492,384,0233.jpg
car,457,394,836,639,0233.jpg
car,893,350,1222,541,0233.jpg
car,887,360,1279,549,0227.jpg
car,447,397,811,610,0227.jpg
trafficlight,474,321,484,336,0223.jpg
car,439,396,798,621,0223.jpg
car,893,358,1279,536,0223.jpg
car,585,363,617,378,0223.jpg
car,489,361,535,381,0223.jpg
car,473,397,835,624,0237.jpg
car,899,351,1275,559,0237.jpg
trafficlight,552,276,563,290,0419.jpg
trafficlight,604,278,614,291,0419.jpg
trafficlight,269,232,284,256,0419.jpg
trafficlight,548,276,558,290,0419.jpg
car,330,328,472,412,0419.jpg
car,108,333,165,356,0419.jpg
car,486,326,513,343,0419.jpg
car,449,390,802,611,0419.jpg
person,1184,316,1224,441,0419.jpg
person,1230,318,1278,438,0419.jpg
person,1126,317,1181,444,0419.jpg
car,0,332,72,393,0419.jpg
car,494,327,595,372,0419.jpg
car,245,331,352,392,0419.jpg
trafficlight,536,271,547,285,0431.jpg
trafficlight,594,273,603,288,0431.jpg
car,0,322,333,504,0431.jpg
car,462,394,801,617,0431.jpg
car,378,328,515,384,0431.jpg
trafficlight,718,181,735,217,0357.jpg
trafficlight,577,170,594,217,0357.jpg
trafficlight,871,224,889,266,0357.jpg
trafficlight,460,273,469,286,0357.jpg
car,749,316,811,346,0357.jpg
car,475,397,817,616,0357.jpg
car,646,323,674,347,0357.jpg
car,448,328,490,352,0357.jpg
car,551,326,587,354,0357.jpg
car,353,330,412,360,0357.jpg
car,610,330,652,359,0357.jpg
trafficlight,557,203,570,234,0343.jpg
trafficlight,661,208,673,236,0343.jpg
trafficlight,775,242,789,268,0343.jpg
car,442,317,479,338,0343.jpg
car,496,388,815,631,0343.jpg
car,610,315,659,341,0343.jpg
car,577,319,618,345,0343.jpg
car,528,313,562,342,0343.jpg
trafficlight,544,272,556,289,0425.jpg
trafficlight,599,277,607,292,0425.jpg
car,435,329,564,375,0425.jpg
car,68,331,126,357,0425.jpg
car,158,327,281,400,0425.jpg
car,458,391,807,616,0425.jpg
car,229,329,419,434,0425.jpg
trafficlight,624,288,633,300,0394.jpg
trafficlight,375,253,385,272,0394.jpg
trafficlight,580,285,588,296,0394.jpg
car,188,333,293,374,0394.jpg
car,408,330,478,369,0394.jpg
car,607,334,688,366,0394.jpg
person,955,327,981,388,0394.jpg
person,981,332,1010,390,0394.jpg
person,902,334,927,391,0394.jpg
car,440,395,796,627,0394.jpg
car,491,334,555,379,0394.jpg
trafficlight,723,43,756,127,0380.jpg
trafficlight,1007,141,1036,222,0380.jpg
trafficlight,453,28,487,113,0380.jpg
trafficlight,607,288,615,301,0380.jpg
car,543,329,598,370,0380.jpg
person,872,320,903,373,0380.jpg
person,959,325,977,372,0380.jpg
person,928,322,942,375,0380.jpg
car,304,333,379,361,0380.jpg
car,443,387,794,617,0380.jpg
car,168,336,277,377,0380.jpg
car,473,329,524,365,0380.jpg
trafficlight,737,226,751,260,0169.jpg
trafficlight,852,270,868,298,0169.jpg
car,817,328,978,434,0169.jpg
car,991,351,1279,470,0169.jpg
car,478,386,840,604,0169.jpg
trafficlight,689,242,701,265,0155.jpg
car,452,389,814,614,0155.jpg
car,764,325,900,410,0155.jpg
car,896,334,995,411,0155.jpg
car,135,334,280,394,0155.jpg
truck,889,331,993,410,0155.jpg
trafficlight,709,253,721,274,0141.jpg
car,357,327,433,369,0141.jpg
car,459,394,792,623,0141.jpg
car,774,320,903,388,0141.jpg
trafficlight,866,138,892,194,0196.jpg
trafficlight,1063,204,1086,265,0196.jpg
car,485,390,840,617,0196.jpg
car,944,325,1249,452,0196.jpg
trafficlight,925,250,939,284,0182.jpg
trafficlight,781,193,798,237,0182.jpg
car,870,330,1066,434,0182.jpg
car,481,392,842,610,0182.jpg
trafficlight,930,245,948,285,0183.jpg
trafficlight,784,194,804,231,0183.jpg
car,874,328,1071,435,0183.jpg
car,485,393,838,615,0183.jpg
trafficlight,1076,203,1103,264,0197.jpg
trafficlight,875,133,900,190,0197.jpg
car,954,328,1257,463,0197.jpg
car,488,390,831,613,0197.jpg
trafficlight,715,253,725,273,0140.jpg
car,373,324,440,365,0140.jpg
car,452,395,793,620,0140.jpg
car,789,318,909,389,0140.jpg
trafficlight,689,243,701,267,0154.jpg
car,152,334,298,394,0154.jpg
car,885,340,987,405,0154.jpg
car,453,387,807,617,0154.jpg
car,762,325,901,410,0154.jpg
trafficlight,730,231,743,261,0168.jpg
trafficlight,841,271,855,301,0168.jpg
car,977,349,1255,467,0168.jpg
car,2,346,69,450,0168.jpg
car,806,334,961,435,0168.jpg
car,477,388,834,609,0168.jpg
trafficlight,442,19,481,105,0381.jpg
trafficlight,723,30,756,120,0381.jpg
trafficlight,1014,135,1046,221,0381.jpg
trafficlight,606,284,612,296,0381.jpg
trafficlight,606,288,613,300,0381.jpg
car,539,331,594,371,0381.jpg
person,873,321,904,375,0381.jpg
person,928,321,944,375,0381.jpg
person,960,327,979,372,0381.jpg
car,439,395,795,615,0381.jpg
car,661,333,739,357,0381.jpg
car,303,333,377,365,0381.jpg
car,466,328,516,366,0381.jpg
car,156,336,260,377,0381.jpg
trafficlight,624,287,632,300,0395.jpg
trafficlight,579,285,587,296,0395.jpg
trafficlight,369,254,379,271,0395.jpg
car,449,393,798,628,0395.jpg
car,189,331,286,375,0395.jpg
car,602,334,689,366,0395.jpg
car,486,332,552,379,0395.jpg
car,17,345,131,391,0395.jpg
person,906,321,930,392,0395.jpg
person,957,327,984,389,0395.jpg
person,985,333,1009,390,0395.jpg
car,402,329,464,369,0395.jpg
trafficlight,551,204,566,233,0342.jpg
trafficlight,658,208,670,236,0342.jpg
trafficlight,768,242,785,270,0342.jpg
trafficlight,650,281,655,291,0342.jpg
trafficlight,616,279,622,290,0342.jpg
car,438,316,475,338,0342.jpg
car,496,389,821,626,0342.jpg
car,356,321,406,343,0342.jpg
car,570,315,614,343,0342.jpg
car,524,313,558,341,0342.jpg
car,611,312,652,334,0342.jpg
trafficlight,544,273,557,290,0424.jpg
trafficlight,599,276,607,291,0424.jpg
car,176,327,305,400,0424.jpg
car,451,328,570,375,0424.jpg
car,73,332,132,357,0424.jpg
car,458,393,807,618,0424.jpg
car,258,326,434,427,0424.jpg
trafficlight,538,271,549,287,0430.jpg
trafficlight,594,272,603,289,0430.jpg
trafficlight,657,290,663,305,0430.jpg
car,387,326,528,381,0430.jpg
car,41,328,346,477,0430.jpg
car,464,392,804,625,0430.jpg
trafficlight,577,176,593,215,0356.jpg
trafficlight,712,181,729,219,0356.jpg
trafficlight,862,227,880,268,0356.jpg
car,446,328,492,352,0356.jpg
car,750,314,809,348,0356.jpg
car,607,319,665,357,0356.jpg
car,477,398,819,618,0356.jpg
car,354,330,413,358,0356.jpg
car,549,325,589,354,0356.jpg
trafficlight,554,277,564,291,0418.jpg
trafficlight,606,280,615,293,0418.jpg
trafficlight,277,232,290,257,0418.jpg
trafficlight,271,295,281,308,0418.jpg
car,264,327,364,387,0418.jpg
car,0,328,92,386,0418.jpg
car,113,333,171,356,0418.jpg
car,453,391,800,611,0418.jpg
person,1161,302,1186,446,0418.jpg
person,1192,319,1253,431,0418.jpg
person,1097,315,1151,439,0418.jpg
car,487,326,512,343,0418.jpg
car,352,328,483,408,0418.jpg
car,497,327,602,370,0418.jpg
car,861,353,1274,549,0236.jpg
car,472,396,831,627,0236.jpg
car,494,359,538,377,0222.jpg
car,436,396,796,628,0222.jpg
car,586,362,621,378,0222.jpg
car,896,357,1279,535,0222.jpg
trafficlight,975,60,1008,147,0208.jpg
trafficlight,1256,164,1279,243,0208.jpg
car,436,388,796,617,0208.jpg
car,990,345,1272,477,0208.jpg
car,462,387,830,647,0234.jpg
car,438,362,489,383,0234.jpg
car,912,354,1267,554,0234.jpg
trafficlight,498,321,508,338,0220.jpg
car,437,391,789,629,0220.jpg
car,917,355,1279,528,0220.jpg
car,607,361,643,378,0220.jpg
trafficlight,737,130,763,182,0368.jpg
trafficlight,553,124,578,178,0368.jpg
trafficlight,941,195,963,250,0368.jpg
trafficlight,655,285,663,296,0368.jpg
car,602,327,651,366,0368.jpg
car,443,396,802,616,0368.jpg
car,303,335,378,368,0368.jpg
car,541,326,579,356,0368.jpg
trafficlight,543,271,555,288,0426.jpg
trafficlight,597,276,605,292,0426.jpg
car,432,330,561,375,0426.jpg
car,57,332,117,358,0426.jpg
car,451,397,813,616,0426.jpg
car,18,330,55,352,0426.jpg
car,133,328,297,406,0426.jpg
car,175,322,416,444,0426.jpg
trafficlight,544,204,558,233,0340.jpg
trafficlight,644,206,658,233,0340.jpg
trafficlight,754,243,767,266,0340.jpg
car,561,312,598,336,0340.jpg
car,432,315,466,334,0340.jpg
car,495,392,828,634,0340.jpg
car,352,314,397,333,0340.jpg
car,596,310,641,333,0340.jpg
car,514,313,544,333,0340.jpg
trafficlight,577,182,593,217,0354.jpg
trafficlight,706,187,723,222,0354.jpg
trafficlight,848,234,863,267,0354.jpg
car,472,394,817,624,0354.jpg
car,458,326,492,348,0354.jpg
car,643,324,675,348,0354.jpg
car,550,324,586,352,0354.jpg
car,608,326,643,356,0354.jpg
trafficlight,593,272,602,287,0432.jpg
trafficlight,531,271,541,287,0432.jpg
trafficlight,535,271,547,285,0432.jpg
car,373,328,512,384,0432.jpg
car,464,393,796,629,0432.jpg
car,0,320,318,518,0432.jpg
trafficlight,420,0,458,87,0383.jpg
trafficlight,722,9,757,102,0383.jpg
trafficlight,1036,116,1070,207,0383.jpg
trafficlight,599,287,608,302,0383.jpg
car,532,329,586,371,0383.jpg
person,874,320,905,376,0383.jpg
car,441,388,798,613,0383.jpg
car,458,329,510,367,0383.jpg
car,282,332,364,367,0383.jpg
car,653,332,723,359,0383.jpg
car,126,341,238,381,0383.jpg
trafficlight,622,288,631,303,0397.jpg
trafficlight,578,284,587,296,0397.jpg
car,395,331,461,371,0397.jpg
car,159,331,272,378,0397.jpg
car,444,391,802,621,0397.jpg
person,989,331,1011,391,0397.jpg
person,911,318,937,395,0397.jpg
person,968,319,994,393,0397.jpg
car,478,337,548,385,0397.jpg
trafficlight,703,253,716,275,0142.jpg
car,455,395,795,620,0142.jpg
car,342,327,419,371,0142.jpg
car,773,319,903,391,0142.jpg
trafficlight,689,242,702,264,0156.jpg
car,450,388,813,615,0156.jpg
car,763,327,897,413,0156.jpg
car,893,334,1005,416,0156.jpg
car,108,340,265,398,0156.jpg
trafficlight,779,196,796,239,0181.jpg
trafficlight,917,251,932,286,0181.jpg
car,480,393,838,612,0181.jpg
car,861,330,1056,434,0181.jpg
trafficlight,858,143,882,198,0195.jpg
trafficlight,1052,207,1073,266,0195.jpg
car,483,392,839,618,0195.jpg
car,927,322,1220,455,0195.jpg
trafficlight,851,150,875,202,0194.jpg
trafficlight,1038,210,1062,269,0194.jpg
car,483,393,832,615,0194.jpg
car,926,324,1217,453,0194.jpg
trafficlight,775,201,791,238,0180.jpg
trafficlight,911,252,926,286,0180.jpg
car,854,331,1048,436,0180.jpg
car,480,391,837,611,0180.jpg
trafficlight,690,241,702,265,0157.jpg
car,455,391,812,616,0157.jpg
car,764,327,901,413,0157.jpg
car,92,335,255,401,0157.jpg
car,truck:55%,0157.jpg,,,
895,334,1018,417,,0157.jpg
trafficlight,700,250,712,274,0143.jpg
car,329,329,405,371,0143.jpg
car,772,320,901,392,0143.jpg
car,457,395,800,616,0143.jpg
trafficlight,622,287,632,301,0396.jpg
trafficlight,578,285,587,296,0396.jpg
trafficlight,367,250,379,272,0396.jpg
car,174,332,279,375,0396.jpg
car,399,331,463,371,0396.jpg
car,482,332,549,381,0396.jpg
car,446,393,801,622,0396.jpg
person,910,322,931,394,0396.jpg
person,985,334,1011,390,0396.jpg
person,961,322,988,392,0396.jpg
trafficlight,721,21,757,109,0382.jpg
trafficlight,430,7,469,94,0382.jpg
trafficlight,1027,128,1056,214,0382.jpg
trafficlight,599,287,608,301,0382.jpg
car,661,334,727,358,0382.jpg
car,460,329,511,367,0382.jpg
person,872,321,903,375,0382.jpg
person,960,323,977,375,0382.jpg
person,928,323,944,374,0382.jpg
car,437,392,798,615,0382.jpg
car,538,330,589,371,0382.jpg
car,286,333,371,367,0382.jpg
car,141,335,247,380,0382.jpg
trafficlight,707,186,724,221,0355.jpg
trafficlight,576,180,592,218,0355.jpg
trafficlight,853,230,869,270,0355.jpg
car,644,324,673,345,0355.jpg
car,475,394,820,627,0355.jpg
car,355,331,412,359,0355.jpg
car,449,329,489,351,0355.jpg
car,551,326,583,351,0355.jpg
car,605,324,645,357,0355.jpg
trafficlight,592,271,601,287,0433.jpg
trafficlight,531,271,542,287,0433.jpg
trafficlight,208,293,217,308,0433.jpg
trafficlight,535,271,547,286,0433.jpg
car,467,393,794,622,0433.jpg
car,5,320,294,520,0433.jpg
car,358,328,504,386,0433.jpg
trafficlight,542,271,553,288,0427.jpg
trafficlight,597,276,606,291,0427.jpg
trafficlight,205,212,223,243,0427.jpg
car,51,332,110,358,0427.jpg
car,455,392,806,621,0427.jpg
car,8,331,49,351,0427.jpg
car,104,325,336,404,0427.jpg
car,419,331,547,376,0427.jpg
car,157,327,398,444,0427.jpg
trafficlight,651,208,666,234,0341.jpg
trafficlight,547,203,562,234,0341.jpg
trafficlight,761,239,774,264,0341.jpg
car,433,316,470,337,0341.jpg
car,571,306,612,340,0341.jpg
car,608,310,652,335,0341.jpg
car,497,388,823,630,0341.jpg
car,353,314,401,341,0341.jpg
car,519,311,554,338,0341.jpg
trafficlight,738,125,764,182,0369.jpg
trafficlight,547,120,575,174,0369.jpg
trafficlight,945,191,968,249,0369.jpg
car,538,325,579,358,0369.jpg
car,406,329,461,359,0369.jpg
car,447,392,794,611,0369.jpg
car,288,335,369,367,0369.jpg
car,601,330,648,362,0369.jpg
car,903,358,1279,528,0221.jpg
car,437,394,792,628,0221.jpg
car,598,361,628,377,0221.jpg
car,436,363,485,383,0235.jpg
car,465,397,828,618,0235.jpg
car,902,350,1274,556,0235.jpg
trafficlight,991,47,1024,137,0209.jpg
car,439,387,787,623,0209.jpg
car,987,344,1279,485,0209.jpg
trafficlight,671,212,686,249,0252.jpg
car,465,399,817,604,0252.jpg
car,897,358,1278,620,0252.jpg
car,562,343,601,363,0252.jpg
trafficlight,539,312,546,325,0246.jpg
car,466,394,832,608,0246.jpg
car,858,366,1279,570,0246.jpg
trafficlight,367,226,379,249,0291.jpg
trafficlight,549,241,557,257,0291.jpg
car,552,297,580,315,0291.jpg
car,508,296,529,311,0291.jpg
car,473,392,799,611,0291.jpg
car,145,304,178,322,0291.jpg
car,188,332,296,380,0291.jpg
trafficlight,550,262,558,277,0285.jpg
trafficlight,553,263,560,278,0285.jpg
trafficlight,384,252,394,270,0285.jpg
car,556,313,582,331,0285.jpg
car,470,398,803,616,0285.jpg
car,513,313,534,329,0285.jpg
car,415,315,448,332,0285.jpg
car,272,346,350,386,0285.jpg
trafficlight,523,263,537,281,0440.jpg
trafficlight,588,269,598,285,0440.jpg
car,465,393,799,615,0440.jpg
car,0,330,36,410,0440.jpg
car,229,332,423,398,0440.jpg
car,440,330,480,350,0440.jpg
trafficlight,506,201,517,222,0326.jpg
trafficlight,588,200,598,228,0326.jpg
car,517,287,547,310,0326.jpg
car,398,288,423,305,0326.jpg
car,482,391,800,622,0326.jpg
car,560,284,610,305,0326.jpg
car,328,292,371,311,0326.jpg
car,469,288,494,306,0326.jpg
trafficlight,511,197,523,224,0332.jpg
trafficlight,599,200,609,226,0332.jpg
trafficlight,693,238,704,257,0332.jpg
car,479,294,509,317,0332.jpg
car,323,302,375,320,0332.jpg
car,488,399,811,623,0332.jpg
car,576,294,612,312,0332.jpg
car,525,295,561,320,0332.jpg
car,401,294,431,313,0332.jpg
trafficlight,571,253,590,274,0454.jpg
trafficlight,648,257,660,277,0454.jpg
trafficlight,652,256,663,275,0454.jpg
trafficlight,726,279,735,295,0454.jpg
car,475,332,521,357,0454.jpg
car,0,321,141,460,0454.jpg
car,504,383,825,606,0454.jpg
trafficlight,736,231,749,261,0468.jpg
trafficlight,633,227,652,253,0468.jpg
trafficlight,836,261,851,297,0468.jpg
car,518,332,570,363,0468.jpg
car,478,392,808,614,0468.jpg
trafficlight,880,238,898,269,0483.jpg
trafficlight,590,185,619,228,0483.jpg
trafficlight,736,190,751,232,0483.jpg
car,444,334,511,369,0483.jpg
person,1114,307,1149,374,0483.jpg
person,1145,304,1166,376,0483.jpg
car,443,385,780,616,0483.jpg
trafficlight,737,119,762,182,0497.jpg
trafficlight,528,119,568,179,0497.jpg
trafficlight,949,190,974,246,0497.jpg
car,345,331,450,379,0497.jpg
car,438,386,783,619,0497.jpg
trafficlight,772,244,781,265,0130.jpg
car,852,311,941,370,0130.jpg
car,494,306,543,342,0130.jpg
car,451,380,773,646,0130.jpg
car,484,313,536,344,0131.jpg
car,855,315,940,374,0131.jpg
car,453,380,768,641,0131.jpg
trafficlight,530,123,574,181,0496.jpg
trafficlight,737,124,761,184,0496.jpg
trafficlight,944,192,967,249,0496.jpg
car,436,386,786,613,0496.jpg
car,352,329,449,380,0496.jpg
trafficlight,736,192,752,234,0482.jpg
trafficlight,600,190,624,231,0482.jpg
trafficlight,876,241,896,267,0482.jpg
car,452,337,509,370,0482.jpg
person,1101,308,1129,372,0482.jpg
person,1130,310,1152,371,0482.jpg
car,446,389,781,618,0482.jpg
trafficlight,736,232,749,261,0469.jpg
trafficlight,631,226,653,252,0469.jpg
car,478,391,809,617,0469.jpg
car,518,333,569,364,0469.jpg
trafficlight,608,201,620,229,0333.jpg
trafficlight,511,197,525,226,0333.jpg
trafficlight,517,199,528,224,0333.jpg
trafficlight,704,239,716,259,0333.jpg
car,496,395,810,627,0333.jpg
car,564,293,592,310,0333.jpg
car,334,301,379,320,0333.jpg
car,399,298,434,315,0333.jpg
car,484,296,514,318,0333.jpg
car,532,299,564,321,0333.jpg
trafficlight,659,254,669,276,0455.jpg
trafficlight,577,249,595,274,0455.jpg
trafficlight,737,279,747,298,0455.jpg
car,506,379,818,610,0455.jpg
car,485,326,533,356,0455.jpg
car,0,334,99,467,0455.jpg
trafficlight,523,262,536,281,0441.jpg
trafficlight,588,269,597,285,0441.jpg
trafficlight,654,286,664,306,0441.jpg
car,470,392,797,616,0441.jpg
car,206,328,413,404,0441.jpg
car,438,330,482,350,0441.jpg
trafficlight,504,200,516,222,0327.jpg
trafficlight,588,201,599,226,0327.jpg
car,556,286,613,306,0327.jpg
car,397,290,423,307,0327.jpg
car,484,396,802,626,0327.jpg
car,325,293,374,313,0327.jpg
car,466,288,495,308,0327.jpg
car,516,288,547,312,0327.jpg
trafficlight,550,270,557,284,0284.jpg
trafficlight,388,256,397,277,0284.jpg
trafficlight,553,271,560,284,0284.jpg
car,470,399,806,620,0284.jpg
car,280,351,353,391,0284.jpg
car,171,327,212,344,0284.jpg
trafficlight,548,244,556,259,0290.jpg
trafficlight,606,245,614,262,0290.jpg
car,553,297,582,316,0290.jpg
car,473,394,795,605,0290.jpg
car,149,307,180,324,0290.jpg
car,207,331,310,381,0290.jpg
trafficlight,540,311,547,323,0247.jpg
car,467,399,827,612,0247.jpg
car,865,364,1277,572,0247.jpg
trafficlight,671,212,688,250,0253.jpg
trafficlight,550,306,556,317,0253.jpg
car,474,398,811,612,0253.jpg
car,904,363,1279,622,0253.jpg
trafficlight,537,313,544,325,0245.jpg
car,851,365,1279,568,0245.jpg
car,475,399,830,607,0245.jpg
car,896,364,1277,593,0251.jpg
car,458,397,823,609,0251.jpg
trafficlight,395,274,405,295,0279.jpg
car,470,394,812,607,0279.jpg
car,315,367,376,399,0279.jpg
car,185,341,232,358,0279.jpg
car,511,332,529,349,0279.jpg
trafficlight,551,256,557,271,0286.jpg
car,472,395,803,610,0286.jpg
car,554,310,582,327,0286.jpg
car,515,307,536,321,0286.jpg
car,414,311,446,326,0286.jpg
trafficlight,549,240,557,255,0292.jpg
trafficlight,365,223,378,245,0292.jpg
trafficlight,659,264,668,278,0292.jpg
car,507,294,531,310,0292.jpg
car,476,390,793,609,0292.jpg
car,794,308,866,334,0292.jpg
car,187,331,291,380,0292.jpg
car,552,297,580,313,0292.jpg
trafficlight,670,253,682,275,0457.jpg
trafficlight,588,248,606,272,0457.jpg
trafficlight,543,196,559,231,0457.jpg
car,499,383,823,609,0457.jpg
car,488,335,536,357,0457.jpg
trafficlight,509,199,520,224,0331.jpg
trafficlight,596,201,607,228,0331.jpg
trafficlight,689,236,703,259,0331.jpg
car,480,294,504,315,0331.jpg
car,526,292,558,317,0331.jpg
car,326,299,369,317,0331.jpg
car,488,396,804,627,0331.jpg
car,565,291,603,309,0331.jpg
car,522,294,545,315,0331.jpg
car,401,293,427,312,0331.jpg
trafficlight,510,202,519,224,0325.jpg
trafficlight,589,206,600,228,0325.jpg
trafficlight,674,239,685,256,0325.jpg
car,472,288,496,306,0325.jpg
car,564,286,605,304,0325.jpg
car,400,291,427,307,0325.jpg
car,484,392,803,622,0325.jpg
truck,0,271,21,324,0325.jpg
car,519,286,549,310,0325.jpg
trafficlight,517,261,534,281,0443.jpg
trafficlight,588,265,598,282,0443.jpg
trafficlight,655,286,664,303,0443.jpg
trafficlight,462,200,478,230,0443.jpg
trafficlight,607,175,632,232,0443.jpg
car,438,327,479,351,0443.jpg
car,141,333,390,408,0443.jpg
car,485,393,802,607,0443.jpg
truck,149,330,395,410,0443.jpg
trafficlight,518,211,529,231,0319.jpg
trafficlight,591,210,602,232,0319.jpg
trafficlight,48,118,95,158,0319.jpg
trafficlight,673,243,682,262,0319.jpg
trafficlight,216,169,231,198,0319.jpg
car,344,294,388,311,0319.jpg
car,477,398,799,628,0319.jpg
car,412,290,436,304,0319.jpg
car,525,287,563,312,0319.jpg
car,481,286,508,307,0319.jpg
car,574,286,618,306,0319.jpg
trafficlight,738,145,758,194,0494.jpg
trafficlight,545,140,587,192,0494.jpg
trafficlight,926,199,950,260,0494.jpg
car,434,390,787,613,0494.jpg
car,554,320,581,335,0494.jpg
car,383,328,469,377,0494.jpg
trafficlight,603,198,632,233,0480.jpg
trafficlight,738,205,753,235,0480.jpg
trafficlight,874,244,890,279,0480.jpg
car,464,334,527,370,0480.jpg
person,1087,308,1116,373,0480.jpg
car,437,389,787,612,0480.jpg
trafficlight,759,248,768,264,0133.jpg
car,465,315,514,350,0133.jpg
car,833,318,931,375,0133.jpg
car,454,381,767,639,0133.jpg
trafficlight,777,243,787,263,0127.jpg
car,445,383,779,643,0127.jpg
car,513,306,560,339,0127.jpg
car,851,311,947,365,0127.jpg
car,833,314,935,376,0132.jpg
car,477,312,527,347,0132.jpg
car,450,381,772,642,0132.jpg
trafficlight,737,195,752,236,0481.jpg
trafficlight,601,193,627,230,0481.jpg
trafficlight,874,241,893,270,0481.jpg
car,457,336,514,369,0481.jpg
car,440,389,786,611,0481.jpg
trafficlight,540,134,578,185,0495.jpg
trafficlight,937,192,960,248,0495.jpg
trafficlight,735,136,760,191,0495.jpg
car,428,387,794,613,0495.jpg
car,363,329,463,376,0495.jpg
trafficlight,518,210,530,233,0318.jpg
trafficlight,671,243,682,264,0318.jpg
trafficlight,593,216,603,238,0318.jpg
trafficlight,222,170,238,204,0318.jpg
trafficlight,48,119,98,157,0318.jpg
car,412,289,437,305,0318.jpg
car,479,399,793,631,0318.jpg
car,344,294,389,311,0318.jpg
car,525,288,562,312,0318.jpg
car,482,288,509,308,0318.jpg
car,577,286,617,305,0318.jpg
trafficlight,511,202,520,225,0324.jpg
trafficlight,589,204,600,229,0324.jpg
trafficlight,674,238,685,256,0324.jpg
car,565,286,609,305,0324.jpg
car,471,289,497,306,0324.jpg
car,485,392,806,624,0324.jpg
car,338,294,379,311,0324.jpg
car,401,291,427,306,0324.jpg
car,519,288,549,311,0324.jpg
trafficlight,522,261,534,281,0442.jpg
trafficlight,588,264,598,282,0442.jpg
trafficlight,654,285,664,305,0442.jpg
trafficlight,465,201,481,230,0442.jpg
car,177,330,392,407,0442.jpg
car,435,328,481,350,0442.jpg
car,472,394,808,608,0442.jpg
trafficlight,665,252,675,274,0456.jpg
trafficlight,583,246,602,274,0456.jpg
car,502,384,822,611,0456.jpg
car,485,335,535,357,0456.jpg
car,0,343,55,475,0456.jpg
trafficlight,507,199,518,223,0330.jpg
trafficlight,593,200,605,228,0330.jpg
trafficlight,688,236,701,257,0330.jpg
car,396,292,422,311,0330.jpg
car,557,289,611,309,0330.jpg
car,474,401,812,626,0330.jpg
car,323,295,375,318,0330.jpg
car,472,292,496,312,0330.jpg
car,519,292,546,316,0330.jpg
trafficlight,549,238,556,254,0293.jpg
trafficlight,358,219,371,244,0293.jpg
trafficlight,660,258,669,274,0293.jpg
car,551,296,578,312,0293.jpg
car,472,392,799,606,0293.jpg
car,411,297,438,312,0293.jpg
car,156,333,268,381,0293.jpg
trafficlight,551,253,557,269,0287.jpg
trafficlight,379,239,389,260,0287.jpg
car,244,341,337,383,0287.jpg
car,469,396,805,607,0287.jpg
car,510,305,529,317,0287.jpg
car,554,306,583,323,0287.jpg
trafficlight,599,290,606,307,0278.jpg
trafficlight,396,275,408,297,0278.jpg
trafficlight,550,288,557,303,0278.jpg
trafficlight,553,288,560,303,0278.jpg
car,324,369,389,398,0278.jpg
car,475,397,810,611,0278.jpg
car,183,342,234,359,0278.jpg
car,555,339,579,354,0278.jpg
car,460,399,827,612,0250.jpg
car,906,358,1269,589,0250.jpg
car,477,399,830,605,0244.jpg
car,848,369,1279,563,0244.jpg
trafficlight,356,292,366,312,0268.jpg
trafficlight,414,290,423,306,0268.jpg
trafficlight,550,298,557,309,0268.jpg
car,566,344,595,360,0268.jpg
car,476,392,803,612,0268.jpg
car,1049,428,1278,704,0268.jpg
trafficlight,528,316,534,327,0240.jpg
car,482,399,831,607,0240.jpg
car,856,354,1279,556,0240.jpg
trafficlight,671,207,688,252,0254.jpg
car,899,362,1279,624,0254.jpg
car,476,396,810,613,0254.jpg
car,564,344,601,363,0254.jpg
trafficlight,551,273,557,286,0283.jpg
car,466,401,811,613,0283.jpg
car,554,323,580,340,0283.jpg
car,177,329,210,344,0283.jpg
car,911,343,994,366,0283.jpg
car,419,325,447,339,0283.jpg
trafficlight,544,230,551,247,0297.jpg
trafficlight,663,253,672,271,0297.jpg
car,504,288,529,303,0297.jpg
car,549,291,580,308,0297.jpg
car,469,394,806,612,0297.jpg
car,786,301,883,328,0297.jpg
car,64,330,214,393,0297.jpg
trafficlight,597,222,606,242,0308.jpg
trafficlight,531,216,541,238,0308.jpg
trafficlight,535,219,544,237,0308.jpg
car,496,285,523,302,0308.jpg
car,476,395,793,622,0308.jpg
car,68,291,116,315,0308.jpg
car,535,285,568,305,0308.jpg
car,597,285,637,302,0308.jpg
trafficlight,610,199,621,229,0334.jpg
trafficlight,518,198,530,225,0334.jpg
trafficlight,708,236,719,259,0334.jpg
car,486,298,514,318,0334.jpg
car,575,297,616,316,0334.jpg
car,408,301,438,319,0334.jpg
car,495,397,817,631,0334.jpg
car,565,296,591,314,0334.jpg
car,334,303,380,319,0334.jpg
car,535,302,565,321,0334.jpg
trafficlight,558,253,575,275,0452.jpg
trafficlight,636,258,647,277,0452.jpg
trafficlight,632,259,643,279,0452.jpg
trafficlight,510,198,526,230,0452.jpg
car,0,310,216,460,0452.jpg
car,504,382,819,608,0452.jpg
car,466,332,520,356,0452.jpg
trafficlight,595,262,606,281,0446.jpg
trafficlight,525,258,542,279,0446.jpg
trafficlight,662,286,672,305,0446.jpg
trafficlight,472,201,487,231,0446.jpg
car,438,329,486,352,0446.jpg
car,498,390,816,612,0446.jpg
car,779,338,818,353,0446.jpg
car,81,329,334,425,0446.jpg
trafficlight,515,209,526,231,0320.jpg
trafficlight,589,211,599,232,0320.jpg
trafficlight,673,240,683,260,0320.jpg
car,524,287,559,311,0320.jpg
car,484,392,796,631,0320.jpg
car,477,289,506,307,0320.jpg
car,574,286,615,305,0320.jpg
trafficlight,735,162,755,204,0491.jpg
trafficlight,562,154,598,201,0491.jpg
trafficlight,911,207,935,264,0491.jpg
car,439,384,782,611,0491.jpg
person,1221,305,1262,386,0491.jpg
car,395,339,467,375,0491.jpg
trafficlight,735,183,753,225,0485.jpg
trafficlight,584,178,616,221,0485.jpg
trafficlight,888,229,906,269,0485.jpg
car,432,338,499,372,0485.jpg
person,1138,313,1171,377,0485.jpg
person,1172,304,1197,377,0485.jpg
car,435,386,788,615,0485.jpg
trafficlight,740,251,750,275,0136.jpg
car,809,318,922,382,0136.jpg
car,450,383,772,638,0136.jpg
car,426,318,489,358,0136.jpg
car,806,319,919,385,0137.jpg
car,419,320,480,358,0137.jpg
car,450,384,775,638,0137.jpg
trafficlight,588,183,619,224,0484.jpg
trafficlight,734,186,753,225,0484.jpg
trafficlight,882,236,899,267,0484.jpg
trafficlight,552,176,569,212,0484.jpg
car,436,335,503,371,0484.jpg
person,1157,301,1180,378,0484.jpg
car,434,388,789,615,0484.jpg
person,1123,303,1155,379,0484.jpg
trafficlight,735,166,756,208,0490.jpg
trafficlight,908,208,932,266,0490.jpg
trafficlight,567,157,601,203,0490.jpg
car,403,329,480,376,0490.jpg
person,1206,306,1242,385,0490.jpg
person,1254,308,1278,385,0490.jpg
car,438,383,783,611,0490.jpg
trafficlight,527,256,547,279,0447.jpg
trafficlight,599,260,609,281,0447.jpg
trafficlight,603,261,612,280,0447.jpg
trafficlight,477,199,493,229,0447.jpg
trafficlight,671,287,682,304,0447.jpg
car,781,339,828,355,0447.jpg
car,440,334,481,353,0447.jpg
car,493,389,822,608,0447.jpg
car,53,332,314,428,0447.jpg
trafficlight,514,207,525,230,0321.jpg
trafficlight,590,210,600,232,0321.jpg
trafficlight,673,241,683,259,0321.jpg
trafficlight,200,167,217,196,0321.jpg
car,524,286,557,312,0321.jpg
car,486,392,800,629,0321.jpg
car,479,289,505,308,0321.jpg
car,573,285,612,305,0321.jpg
trafficlight,521,199,535,226,0335.jpg
trafficlight,615,201,626,228,0335.jpg
trafficlight,713,238,725,261,0335.jpg
car,536,301,569,323,0335.jpg
car,572,295,623,318,0335.jpg
car,488,399,823,627,0335.jpg
car,334,306,383,324,0335.jpg
car,496,301,523,320,0335.jpg
car,409,301,441,319,0335.jpg
trafficlight,642,256,654,277,0453.jpg
trafficlight,567,252,584,274,0453.jpg
trafficlight,737,188,765,251,0453.jpg
car,0,322,180,480,0453.jpg
car,470,333,514,357,0453.jpg
car,506,376,824,607,0453.jpg
trafficlight,598,221,607,241,0309.jpg
trafficlight,531,216,541,238,0309.jpg
trafficlight,293,190,307,217,0309.jpg
trafficlight,456,165,473,193,0309.jpg
car,475,397,798,618,0309.jpg
car,498,285,525,302,0309.jpg
car,598,286,635,302,0309.jpg
car,535,286,563,305,0309.jpg
trafficlight,547,232,555,246,0296.jpg
trafficlight,350,213,361,240,0296.jpg
car,505,289,528,305,0296.jpg
car,472,396,805,611,0296.jpg
car,548,294,576,311,0296.jpg
car,88,328,230,386,0296.jpg
car,788,303,881,329,0296.jpg
car,615,289,654,306,0296.jpg
car,398,292,434,308,0296.jpg
trafficlight,598,280,607,294,0282.jpg
trafficlight,550,275,557,291,0282.jpg
trafficlight,390,265,400,282,0282.jpg
trafficlight,553,277,560,291,0282.jpg
car,510,326,530,341,0282.jpg
car,473,401,804,608,0282.jpg
car,555,326,581,344,0282.jpg
car,293,355,362,392,0282.jpg
car,416,329,448,343,0282.jpg
trafficlight,431,298,440,315,0255.jpg
trafficlight,550,306,557,317,0255.jpg
car,471,393,811,612,0255.jpg
car,921,347,1279,646,0255.jpg
car,715,356,776,380,0255.jpg
trafficlight,531,316,537,327,0241.jpg
car,859,354,1279,557,0241.jpg
car,482,398,833,604,0241.jpg
trafficlight,549,298,556,309,0269.jpg
trafficlight,413,288,422,306,0269.jpg
car,563,343,595,359,0269.jpg
car,468,403,813,608,0269.jpg
car,417,341,448,354,0269.jpg
car,1081,487,1279,719,0269.jpg
trafficlight,432,297,439,309,0257.jpg
trafficlight,554,302,560,314,0257.jpg
car,473,400,810,610,0257.jpg
car,894,342,1279,661,0257.jpg
car,569,343,602,360,0257.jpg
car,861,356,1270,557,0243.jpg
car,481,399,827,605,0243.jpg
trafficlight,548,238,556,252,0294.jpg
trafficlight,357,219,368,245,0294.jpg
trafficlight,606,239,614,256,0294.jpg
car,411,295,438,310,0294.jpg
car,549,294,579,312,0294.jpg
car,506,290,528,308,0294.jpg
car,470,393,802,609,0294.jpg
car,133,340,254,385,0294.jpg
trafficlight,392,272,404,293,0280.jpg
trafficlight,549,284,557,297,0280.jpg
car,178,340,230,357,0280.jpg
car,466,401,816,602,0280.jpg
car,563,330,590,349,0280.jpg
car,312,362,370,399,0280.jpg
trafficlight,609,201,632,237,0479.jpg
trafficlight,738,205,754,237,0479.jpg
trafficlight,870,245,888,279,0479.jpg
car,441,390,786,610,0479.jpg
person,1077,312,1103,368,0479.jpg
car,473,333,532,368,0479.jpg
trafficlight,512,204,522,227,0323.jpg
trafficlight,589,205,600,230,0323.jpg
trafficlight,674,238,685,258,0323.jpg
trafficlight,185,161,200,192,0323.jpg
car,525,286,557,310,0323.jpg
car,484,396,815,626,0323.jpg
car,398,291,428,308,0323.jpg
car,572,286,610,305,0323.jpg
car,478,287,506,308,0323.jpg
trafficlight,591,259,600,281,0445.jpg
trafficlight,659,286,668,304,0445.jpg
trafficlight,522,260,536,279,0445.jpg
trafficlight,614,174,640,232,0445.jpg
car,440,329,480,350,0445.jpg
car,497,391,818,611,0445.jpg
car,98,335,348,421,0445.jpg
trafficlight,626,258,637,278,0451.jpg
trafficlight,551,254,568,276,0451.jpg
trafficlight,719,191,750,252,0451.jpg
trafficlight,503,199,519,232,0451.jpg
car,459,333,507,355,0451.jpg
car,1,318,243,452,0451.jpg
car,501,382,827,609,0451.jpg
trafficlight,627,201,639,231,0337.jpg
trafficlight,529,199,542,227,0337.jpg
car,547,304,584,326,0337.jpg
car,416,305,453,323,0337.jpg
car,498,303,529,324,0337.jpg
car,493,394,815,631,0337.jpg
car,585,300,634,321,0337.jpg
car,339,308,387,326,0337.jpg
trafficlight,734,179,753,224,0486.jpg
trafficlight,581,178,615,219,0486.jpg
trafficlight,892,230,908,269,0486.jpg
person,1147,305,1185,377,0486.jpg
car,438,383,784,617,0486.jpg
person,1184,308,1212,381,0486.jpg
car,426,334,500,371,0486.jpg
trafficlight,737,154,757,202,0492.jpg
trafficlight,921,210,939,258,0492.jpg
trafficlight,555,149,594,197,0492.jpg
trafficlight,436,78,465,143,0492.jpg
car,514,327,537,341,0492.jpg
car,437,387,783,614,0492.jpg
person,1239,306,1278,386,0492.jpg
car,387,330,470,377,0492.jpg
car,555,321,583,334,0492.jpg
car,442,317,497,354,0135.jpg
car,814,316,927,381,0135.jpg
car,541,326,579,342,0135.jpg
car,452,384,770,637,0135.jpg
trafficlight,756,249,765,274,0134.jpg
car,834,318,931,375,0134.jpg
car,460,316,510,350,0134.jpg
car,452,379,770,636,0134.jpg
trafficlight,923,202,948,261,0493.jpg
trafficlight,549,143,588,194,0493.jpg
trafficlight,736,150,754,192,0493.jpg
car,436,390,785,614,0493.jpg
car,383,329,471,377,0493.jpg
car,555,321,583,334,0493.jpg
trafficlight,735,177,754,219,0487.jpg
trafficlight,578,171,611,214,0487.jpg
trafficlight,896,227,914,265,0487.jpg
car,439,386,781,615,0487.jpg
car,423,330,498,373,0487.jpg
person,1163,303,1200,379,0487.jpg
person,1201,308,1230,382,0487.jpg
trafficlight,621,259,631,279,0450.jpg
trafficlight,545,251,563,276,0450.jpg
trafficlight,714,190,742,255,0450.jpg
car,455,330,504,352,0450.jpg
car,0,316,279,443,0450.jpg
car,496,382,831,605,0450.jpg
trafficlight,621,200,635,230,0336.jpg
trafficlight,525,199,538,226,0336.jpg
trafficlight,723,237,736,261,0336.jpg
car,497,301,527,321,0336.jpg
car,414,303,446,321,0336.jpg
car,492,396,825,627,0336.jpg
car,379,309,418,329,0336.jpg
car,340,310,383,327,0336.jpg
car,543,301,579,326,0336.jpg
trafficlight,514,206,524,229,0322.jpg
trafficlight,589,207,599,232,0322.jpg
trafficlight,674,239,683,258,0322.jpg
trafficlight,190,161,209,194,0322.jpg
car,573,285,611,305,0322.jpg
car,482,393,810,631,0322.jpg
car,479,289,505,307,0322.jpg
car,523,290,548,310,0322.jpg
trafficlight,588,262,597,281,0444.jpg
trafficlight,517,261,535,280,0444.jpg
trafficlight,655,286,665,305,0444.jpg
car,489,391,804,604,0444.jpg
car,437,328,480,352,0444.jpg
car,132,316,372,422,0444.jpg
trafficlight,614,204,641,237,0478.jpg
trafficlight,37,265,50,294,0478.jpg
trafficlight,742,206,756,238,0478.jpg
trafficlight,871,248,887,280,0478.jpg
car,442,390,786,609,0478.jpg
person,1070,310,1100,372,0478.jpg
car,479,334,536,366,0478.jpg
trafficlight,549,281,556,294,0281.jpg
trafficlight,391,272,399,288,0281.jpg
car,298,363,368,401,0281.jpg
car,416,331,448,347,0281.jpg
car,554,329,582,348,0281.jpg
car,462,396,816,605,0281.jpg
car,174,338,219,355,0281.jpg
trafficlight,353,216,366,243,0295.jpg
trafficlight,548,237,555,251,0295.jpg
car,465,394,804,613,0295.jpg
car,618,287,656,304,0295.jpg
car,111,340,242,384,0295.jpg
car,505,288,530,305,0295.jpg
car,789,302,876,330,0295.jpg
car,551,290,579,309,0295.jpg
trafficlight,532,315,538,325,0242.jpg
car,855,355,1279,557,0242.jpg
car,482,398,825,613,0242.jpg
trafficlight,429,300,439,313,0256.jpg
car,467,403,821,614,0256.jpg
car,898,344,1279,644,0256.jpg
car,569,344,598,360,0256.jpg
,,,,,
